filename,trialnum,condition,target,face_up,target_up,analysis_p_len,ltcenteraoi,ftsideaoi,valid_gaze_percent,longest_nv_combined,pfix_center_bef_disengagement,aoi_border_violation,technical_error,combination,csaccpindex
TV03_SRT1.gazedata,0,4,6,483.1951,2316.8469,766.4199,216.6091,249.8979,1,0,0.95657,0,0,216.6091,0.078364
TV03_SRT1.gazedata,1,4,3,483.332,2566.717,966.696,400.0239,450.0269,1,0,0.94827,0,0,400.0239,0.29415
TV03_SRT1.gazedata,2,3,3,483.333,3000.074,1466.7119,900.0769,950.0549,1,0,0.96593,0,0,900.0769,0.88244
TV03_SRT1.gazedata,3,2,6,483.2339,2300.3521,749.842,199.938,233.25,1,0,0.95557,0,0,199.938,0.058751
TV03_SRT1.gazedata,4,4,5,483.3259,2299.6299,750.011,200.0249,233.356,1,0,0.95556,0,0,200.0249,0.058853
TV03_SRT1.gazedata,5,2,5,483.25,2549.9551,1016.5349,466.6589,499.937,0.98361,14.9819,0.96726,0,0,466.6589,0.37254
TV03_SRT1.gazedata,6,2,4,483.905,2434.3979,767.1831,216.625,249.958,0.97826,15.2212,0.95655,0,0,216.625,0.078382
TV03_SRT1.gazedata,7,3,5,483.3281,2299.9302,749.978,199.9922,233.3191,1,0,0.95556,0,0,199.9922,0.058814
TV03_SRT1.gazedata,8,3,4,483.585,3569.9409,1483.4558,-1,-1,0.86517,16.708,0.69673,0,1,-1,-1
TV03_SRT1.gazedata,9,3,6,483.4631,2333.0862,783.3281,233.199,266.5271,1,0,0.95745,0,0,233.199,0.097881
TV03_SRT1.gazedata,10,2,3,483.136,2433.761,916.5769,333.4419,400.1128,1,0,0.92726,0,0,333.4419,0.21581
TV03_SRT1.gazedata,11,4,4,477.5229,2270.531,733.7019,187.7729,221.939,1,0,0.95343,0,0,187.7729,0.044439
TV03_SRT2.gazedata,0,3,5,483.6599,11564.2031,1468.3088,-1,-1,0.875,16.708,0.51181,0,1,-1,-1
TV03_SRT2.gazedata,1,2,6,479.563,2342.604,789.3721,220.0601,273.3821,0.56,269.908,0.93245,1,1,-1,-1
TV03_SRT2.gazedata,2,2,3,483.3101,2283.7529,749.9502,216.658,233.3201,1,0,0.97778,0,0,216.658,0.078421
TV03_SRT2.gazedata,3,4,4,483.6782,2318.5049,766.936,216.5498,249.9128,1,0,0.9565,0,0,216.5498,0.078294
TV03_SRT2.gazedata,4,2,5,490.5032,2273.6851,777.0801,202.428,252.835,0.9375,16.666,0.93513,0,0,202.428,0.06168
TV03_SRT2.gazedata,5,2,4,483.0991,2299.384,749.938,216.8481,233.519,1,0,0.97777,0,0,216.8481,0.078645
TV03_SRT2.gazedata,6,4,6,483.2239,2452.158,1468.3359,-1,-1,0.94253,66.6489,0.40853,0,1,-1,-1
TV03_SRT2.gazedata,7,4,3,483.5552,2316.8811,766.969,216.7561,250.084,1,0,0.95655,0,0,216.7561,0.078537
TV03_SRT2.gazedata,8,3,4,483.3601,3640.522,1483.28,-1,-1,1,0,1,0,0,1000,1
TV03_SRT2.gazedata,9,3,6,483.2681,27777.6719,1467.53,-1,-1,0.78409,317.6509,0.87512,0,1,-1,-1
TV03_SRT2.gazedata,10,3,3,483.2729,3270.2219,1466.8391,-1,-1,1,0,1,0,0,1000,1
TV03_SRT2.gazedata,11,4,5,493.5569,3116.5271,1493.4019,-1,-1,0.98876,17.804,0.9107,0,0,1000,1
TV03_SRT3.gazedata,0,4,3,483.2332,3285.4932,1466.2551,-1,-1,0.75,317.8589,0.32957,0,1,-1,-1
TV03_SRT3.gazedata,1,3,5,483.3181,2334.4121,799.8569,249.874,283.209,1,0,0.95832,0,0,249.874,0.1175
TV03_SRT3.gazedata,2,3,3,483.7729,2261.075,734.356,167.1101,217.249,1,0,0.93172,0,0,167.1101,0.02013
TV03_SRT3.gazedata,3,3,4,466.853,2315.3992,733.5361,200.0142,233.3501,1,0,0.95455,0,0,200.0142,0.05884
TV03_SRT3.gazedata,4,2,3,483.5679,2950.095,1400.1641,849.981,883.3071,1,0,0.9762,0,0,849.981,0.82351
TV03_SRT3.gazedata,5,4,4,483.24,27650.175,1468.4871,-1,-1,0.375,918.5701,1,0,1,-1,-1
TV03_SRT3.gazedata,6,2,6,483.3269,17166.229,1467.8098,-1,-1,0.57647,651.302,1,0,1,-1,-1
TV03_SRT3.gazedata,7,2,4,483.282,3056.0068,1507.6641,956.178,989.509,1,0,0.97789,0,0,956.178,0.94844
TV03_SRT3.gazedata,8,4,6,483.394,2383.821,866.7849,316.635,349.9739,1,0,0.96154,0,0,316.635,0.19604
TV03_SRT3.gazedata,9,4,5,483.4258,25755.801,1473.0259,-1,-1,0.47727,772.936,0.4187,0,1,-1,-1
TV03_SRT3.gazedata,10,2,5,483.4548,2338.7429,816.8909,266.751,300.0969,1,0,0.95918,0,0,266.751,0.13735
TV03_SRT3.gazedata,11,3,6,471.449,4063.843,1464.186,-1,-1,0.80682,182,1,0,0,1000,1
TV09_SRT1.gazedata,0,3,3,483.6199,2584.1541,1050.22,499.9402,533.2661,1,0,0.96827,0,0,499.9402,0.41169
TV09_SRT1.gazedata,1,4,4,484.5708,2566.49,1017.9119,466.646,499.9919,0.96721,16.1841,0.96724,0,0,466.646,0.37252
TV09_SRT1.gazedata,2,3,4,16.5562,2699.4299,633.1851,566.7209,583.374,1,0,0.9737,0,1,-1,-1
TV09_SRT1.gazedata,3,4,6,483.1912,2600.854,1066.5161,516.6899,550.0171,1,0,0.96875,0,0,516.6899,0.4314
TV09_SRT1.gazedata,4,4,3,483.2761,2499.457,966.3921,416.449,449.78,1,0,0.96551,0,0,416.449,0.31347
TV09_SRT1.gazedata,5,4,5,484.083,2967.25,1450.6221,899.8899,933.2139,0.98851,0,0.90757,0,0,899.8899,0.88222
TV09_SRT1.gazedata,6,2,4,483.3691,2602.2419,1050.0132,499.979,533.3081,1,0,0.96826,0,0,499.979,0.41174
TV09_SRT1.gazedata,7,3,5,489.416,2716.6482,1489.396,-1,-1,0.96591,16.666,0.2055,0,1,-1,-1
TV09_SRT1.gazedata,8,2,6,483.386,2499.9968,966.8621,416.7539,450.146,1,0,0.96546,0,0,416.7539,0.31383
TV09_SRT1.gazedata,9,2,3,483.344,2499.406,949.969,399.9409,433.2878,1,0,0.9649,0,0,399.9409,0.29405
TV09_SRT1.gazedata,10,2,5,483.283,2452.395,933.145,383.1941,416.5251,1,0,0.96428,0,0,383.1941,0.27435
TV09_SRT1.gazedata,11,3,6,483.3528,2599.9978,1100.054,550.0288,583.3669,0.9697,15.3931,0.96969,0,0,550.0288,0.47062
TV09_SRT2.gazedata,0,3,3,483.251,2400.845,833.0989,283.22,316.5349,1,0,0.96001,0,0,283.22,0.15673
TV09_SRT2.gazedata,1,2,6,484.583,15786.4729,1467.9729,-1,-1,0.96591,15.655,1,0,0,1000,1
TV09_SRT2.gazedata,2,4,4,483.3391,2699.499,1149.8801,599.906,633.1912,0.84058,150.0032,0.65219,0,1,-1,-1
TV09_SRT2.gazedata,3,3,4,483.2949,2583.355,1049.967,500.0149,533.3459,0.96825,16.6599,0.96826,0,0,500.0149,0.41178
TV09_SRT2.gazedata,4,2,4,484.2141,2416.231,884.2939,333.4131,366.761,0.56604,231.99,0.96229,0,1,-1,-1
TV09_SRT2.gazedata,5,4,3,483.2371,2453.9661,850.0562,300.157,333.4851,1,0,0.96079,0,0,300.157,0.17666
TV09_SRT2.gazedata,6,4,5,484.6538,2763.886,1217.9219,683.927,700.5979,0.90411,33.2981,0.98631,0,0,683.927,0.62815
TV09_SRT2.gazedata,7,2,3,467.8599,8550.887,1467.689,-1,-1,0.97701,15.9951,0.18222,0,1,-1,-1
TV09_SRT2.gazedata,8,2,5,467.929,2488.5391,952.481,416.814,450.113,0.68421,83.2839,0.96504,0,0,416.814,0.3139
TV09_SRT2.gazedata,9,4,6,483.374,2949.907,1399.998,850.0229,883.365,0.9881,16.6912,0.97618,0,0,850.0229,0.82356
TV09_SRT2.gazedata,10,3,6,483.4849,2650.1099,1100.282,533.5039,583.5081,0.93939,16.749,0.95455,0,0,533.5039,0.45118
TV09_SRT2.gazedata,11,3,5,483.4229,2519.897,1000.106,450.0071,483.3411,0.98333,0,0.96667,0,0,450.0071,0.35295
TV09_SRT3.gazedata,0,3,3,487.1602,2551.9221,1004.0042,450.1941,483.5151,0.88525,83.3301,0.88021,0,0,450.1941,0.35317
TV09_SRT3.gazedata,1,2,3,483.011,2752.207,1233.9912,700.6479,717.6541,0.17568,1000.823,0.98622,0,1,-1,-1
TV09_SRT3.gazedata,2,3,5,486.2231,2643.969,1096.9202,544.0068,577.343,0.26562,419.395,0.6028,0,1,-1,-1
TV09_SRT3.gazedata,3,4,3,485.344,2572.781,1051.908,483.2329,533.228,0.93651,16.6602,0.95247,0,0,483.2329,0.39204
TV09_SRT3.gazedata,4,4,4,483.626,2416.469,850.1118,299.834,333.158,0.98039,16.666,0.9608,0,0,299.834,0.17628
TV09_SRT3.gazedata,5,3,6,483.6431,2555.2168,987.5381,453.2478,470.6089,0.75,83.78,0.98242,1,1,-1,-1
TV09_SRT3.gazedata,6,2,5,483.3188,2466.896,933.283,383.2849,416.6279,1,0,0.96427,0,0,383.2849,0.27445
TV09_SRT3.gazedata,7,3,4,483.311,2599.6492,1066.709,516.75,550.0811,1,0,0.96875,0,0,516.75,0.43147
TV09_SRT3.gazedata,8,4,6,483.314,5126.2051,1483.2739,-1,-1,0,1483.2739,1,0,1,-1,-1
TV09_SRT3.gazedata,9,2,4,483.481,2432.9309,866.7952,316.6538,349.979,1,0,0.96155,0,0,316.6538,0.19606
TV09_SRT3.gazedata,10,4,5,484.948,3233.3501,1468.3599,-1,-1,0.96591,16.0291,0.11469,0,1,-1,-1
TV09_SRT3.gazedata,11,2,6,483.3569,2616.675,1066.6799,516.6951,549.9971,1,0,0.96878,0,0,516.6951,0.43141
TV11_SRT1.gazedata,0,4,6,483.3821,2533.365,1000.1379,450.095,483.427,1,0,0.96667,0,0,450.095,0.35305
TV11_SRT1.gazedata,1,4,5,483.364,2349.9329,833.385,283.3489,316.6819,1,0,0.96,0,0,283.3489,0.15688
TV11_SRT1.gazedata,2,3,6,483.4331,2383.179,833.1711,283.072,316.4031,1,0,0.95999,0,0,283.072,0.15656
TV11_SRT1.gazedata,3,2,4,483.2659,2632.8691,1083.1938,533.4021,566.604,1,0,0.96935,0,0,533.4021,0.45106
TV11_SRT1.gazedata,4,2,6,486.9858,2333.3979,786.8838,233.23,266.5769,0.97872,16.1938,0.95762,0,0,233.23,0.097918
TV11_SRT1.gazedata,5,4,4,483.302,2033.2651,749.9919,216.675,233.3391,0.97727,15.7429,0.2222,0,1,-1,-1
TV11_SRT1.gazedata,6,4,3,483.3291,2316.729,1466.8291,-1,-1,1,0,0.15908,0,1,-1,-1
TV11_SRT1.gazedata,7,2,3,493.429,2332.8311,793.449,233.3481,266.686,0.82609,124.6279,0.95798,0,0,233.3481,0.098057
TV11_SRT1.gazedata,8,3,5,483.637,2383.8081,833.4121,283.123,316.4431,1,0,0.30023,0,1,-1,-1
TV11_SRT1.gazedata,9,3,3,476.562,2374.489,843.1311,299.8999,333.231,0.95918,16.6238,0.96047,0,0,299.8999,0.17635
TV11_SRT1.gazedata,10,3,4,483.1519,2066.9502,1466.5798,-1,-1,1,0,0.056737,0,1,-1,-1
TV11_SRT1.gazedata,11,2,5,483.2742,2401.103,1467.219,-1,-1,0.95402,16.6711,0.19306,0,1,-1,-1
TV11_SRT2.gazedata,0,2,6,484.644,2433.699,867.989,333.2749,349.949,0.71154,182.4578,0.63364,0,1,-1,-1
TV11_SRT2.gazedata,1,4,4,483.678,2616.0439,1083.5481,533.2249,566.561,1,0,0.96923,0,0,533.2249,0.45085
TV11_SRT2.gazedata,2,3,5,467.481,2679.0552,1121.75,585.7532,619.0701,0.56923,442.123,0.9703,0,1,-1,-1
TV11_SRT2.gazedata,3,2,5,483.208,2418.2932,882.9832,316.511,366.5022,0.98113,16.677,0.94338,0,0,316.511,0.1959
TV11_SRT2.gazedata,4,2,4,488.135,5034.655,1471.5039,-1,-1,0.15476,1216.2839,0,0,1,-1,-1
TV11_SRT2.gazedata,5,2,3,483.449,2266.8091,1466.8,-1,-1,1,0,0.068186,0,1,-1,-1
TV11_SRT2.gazedata,6,4,5,483.147,6964.5188,1474.7439,-1,-1,0.35227,957.8889,0.32761,0,1,-1,-1
TV11_SRT2.gazedata,7,3,4,473.6611,8054.323,1465.7241,-1,-1,0.2069,804.208,0.26336,0,1,-1,-1
TV11_SRT2.gazedata,8,4,6,483.207,2419.2322,866.8091,300.2642,350.2661,0.96154,15.781,0.01924,0,1,-1,-1
TV11_SRT2.gazedata,9,3,3,483.166,2433.3601,899.636,216.584,383.1531,1,0,0.16667,0,1,-1,-1
TV11_SRT2.gazedata,10,3,6,484.3311,2400.3081,984.229,233.3601,466.5591,0.94828,16.6731,0.74611,0,0,233.3601,0.098071
TV11_SRT2.gazedata,11,4,3,487.2432,9820.511,1478.2261,-1,-1,0.091954,1141.0571,1,0,1,-1,-1
TV11_SRT3.gazedata,0,4,5,483.282,2317.4021,766.6809,216.731,250.0649,1,0,0.41315,0,1,-1,-1
TV11_SRT3.gazedata,1,2,5,486.802,11059.542,1472.302,-1,-1,0.090909,1335.5798,0.058894,0,1,-1,-1
TV11_SRT3.gazedata,2,4,3,483.3679,12495.5562,1483.2671,-1,-1,0.41573,866.592,0.40452,0,1,-1,-1
TV11_SRT3.gazedata,3,3,5,483.4209,7490.925,1480.1321,-1,-1,0.28409,1063.386,0.15767,0,1,-1,-1
TV11_SRT3.gazedata,4,3,4,483.283,4082.739,1477.8088,-1,-1,0.34483,994.5259,1,0,1,-1,-1
TV11_SRT3.gazedata,5,4,4,483.387,2233.3711,1483.3188,-1,-1,1,0,0,0,1,-1,-1
TV11_SRT3.gazedata,6,2,6,483.3179,2334.0542,1467.082,-1,-1,0.87356,133.2761,0,0,1,-1,-1
TV11_SRT3.gazedata,7,4,6,481.7949,2651.3269,1476.9629,-1,-1,0.43182,757.5688,0,0,1,-1,-1
TV11_SRT3.gazedata,8,2,3,486.853,2299.3359,770.1719,216.6331,249.969,1,0,0.95672,0,0,216.6331,0.078392
TV11_SRT3.gazedata,9,3,6,483.3191,2333.7632,1467.417,-1,-1,1,0,0,0,1,-1,-1
TV11_SRT3.gazedata,10,2,4,483.2649,4319.7588,1467.655,-1,-1,0.29545,1051.053,0.26114,0,1,-1,-1
TV11_SRT3.gazedata,11,3,3,467.7559,2316.5859,750.998,183.2368,249.906,1,0,0.5116,0,1,-1,-1
TV12_SRT1.gazedata,0,3,3,484.708,2799.2791,1251.1851,699.792,733.125,1,0,0.97336,0,0,699.792,0.64681
TV12_SRT1.gazedata,1,3,6,483.26,2651.0349,1133.429,583.49,616.8369,1,0,0.97058,0,0,583.49,0.50999
TV12_SRT1.gazedata,2,2,3,488.7332,2547.4341,1007.3662,448.9741,483.6792,0.89831,51.9939,0.96555,0,0,448.9741,0.35173
TV12_SRT1.gazedata,3,3,5,483.5129,2667.04,1050.0811,499.949,533.282,1,0,0.96826,0,0,499.949,0.4117
TV12_SRT1.gazedata,4,2,6,483.467,2633.199,1083.3049,533.1738,566.4988,1,0,0.96924,0,0,533.1738,0.45079
TV12_SRT1.gazedata,5,2,4,483.3589,2582.9299,1066.6741,516.657,549.999,1,0,0.96874,0,0,516.657,0.43136
TV12_SRT1.gazedata,6,2,5,483.562,2666.9761,1116.8462,500.02,599.9512,0.95522,49.9839,0.91052,0,0,500.02,0.41179
TV12_SRT1.gazedata,7,4,3,483.5801,3026.2849,1490.8311,706.6079,974.0559,0.37079,622.6599,0.8206,0,1,-1,-1
TV12_SRT1.gazedata,8,4,5,467.7939,2500.561,951.207,416.7361,450.082,1,0,0.96494,0,0,416.7361,0.31381
TV12_SRT1.gazedata,9,3,4,483.2881,2532.96,983.2241,433.241,466.584,1,0,0.96609,0,0,433.241,0.33322
TV12_SRT1.gazedata,10,4,6,483.4492,2549.821,966.759,416.5901,449.968,1,0,0.96547,0,0,416.5901,0.31364
TV12_SRT1.gazedata,11,4,4,483.4319,2582.7412,1033.4729,483.354,516.697,1,0,0.96774,0,0,483.354,0.39218
TV12_SRT2.gazedata,0,3,4,483.436,2483.3381,933.2571,383.1631,416.488,1,0,0.96429,0,0,383.1631,0.27431
TV12_SRT2.gazedata,1,3,3,483.2849,2616.634,1033.1641,483.2251,516.5481,1,0,0.96775,0,0,483.2251,0.39203
TV12_SRT2.gazedata,2,3,5,483.4651,2487.4751,983.248,433.123,466.446,1,0,0.96611,0,0,433.123,0.33309
TV12_SRT2.gazedata,3,4,3,483.4189,2466.176,916.708,366.603,399.9409,1,0,0.96363,0,0,366.603,0.25483
TV12_SRT2.gazedata,4,4,6,483.2981,2502.3311,933.405,383.436,416.772,1,0,0.96429,0,0,383.436,0.27463
TV12_SRT2.gazedata,5,3,6,483.5449,2467.2581,916.988,366.811,400.1541,1,0,0.96364,0,0,366.811,0.25507
TV12_SRT2.gazedata,6,2,5,484.0078,7025.595,1468.2039,-1,-1,0.15909,1234.866,0.12486,0,1,-1,-1
TV12_SRT2.gazedata,7,4,5,483.4421,2466.8301,950.1611,400.0452,433.3911,1,0,0.9649,0,0,400.0452,0.29417
TV12_SRT2.gazedata,8,2,4,483.4111,2483.386,949.8372,399.929,433.2581,1,0,0.96491,0,0,399.929,0.29403
TV12_SRT2.gazedata,9,2,3,483.2659,2449.9758,899.8599,366.6509,383.2678,1,0,0.98153,0,0,366.6509,0.25488
TV12_SRT2.gazedata,10,4,4,483.1589,2467.9238,933.157,383.3669,416.6838,1,0,0.9643,0,0,383.3669,0.27455
TV12_SRT2.gazedata,11,2,6,483.491,2373.2141,933.6851,383.448,416.8611,1,0,0.96421,0,0,383.448,0.27464
TV12_SRT3.gazedata,0,2,3,483.1829,2839.686,1218.782,466.5042,702.2671,0.31507,333.2571,0.80656,1,1,-1,-1
TV12_SRT3.gazedata,1,4,6,481.3801,2706.197,1162.571,477.6929,646.626,0.32353,220.4749,0.85469,1,1,-1,-1
TV12_SRT3.gazedata,2,4,5,483.571,2449.8149,916.7749,366.4949,399.8198,1,0,0.96365,0,0,366.4949,0.2547
TV12_SRT3.gazedata,3,3,5,485.6211,2467.0081,902.4231,350.1411,383.4832,1,0,0.96305,0,0,350.1411,0.23546
TV12_SRT3.gazedata,4,4,4,483.335,2518.667,949.925,366.6541,433.2632,1,0,0.92988,0,0,366.6541,0.25489
TV12_SRT3.gazedata,5,2,5,483.4099,2467.009,866.592,333.167,349.8381,1,0,0.98076,0,0,333.167,0.21549
TV12_SRT3.gazedata,6,3,3,483.3201,2499.4771,899.863,333.217,383.208,0.98148,16.656,0.94445,0,0,333.217,0.21555
TV12_SRT3.gazedata,7,2,6,483.3582,2503.085,933.3,383.394,416.603,1,0,0.96442,0,0,383.394,0.27458
TV12_SRT3.gazedata,8,4,3,483.3669,2601.353,949.9141,383.22,433.2041,1,0,0.94738,0,0,383.22,0.27438
TV12_SRT3.gazedata,9,2,4,470.603,2319.7969,773.7529,236.126,269.4648,0.82609,17.157,0.95691,0,0,236.126,0.10132
TV12_SRT3.gazedata,10,3,4,490.1902,6459.9309,1488.8801,-1,-1,0,1488.8801,0,0,1,-1,-1
TV12_SRT3.gazedata,11,3,6,469.478,2573.0901,987.717,467.3992,484.907,0.061538,786.1321,0.98227,1,1,-1,-1
TV16_SRT1.gazedata,0,2,5,498.2522,2657.3242,1154.895,589.5771,622.9141,0.42647,648.3271,0.97113,0,1,-1,-1
TV16_SRT1.gazedata,1,4,4,483.488,3065.876,1516.396,966.2471,999.562,1,0,0.97803,0,0,966.2471,0.96029
TV16_SRT1.gazedata,2,4,6,483.2529,2503.397,983.447,433.53,466.8721,1,0,0.9661,0,0,433.53,0.33356
TV16_SRT1.gazedata,3,2,4,466.6008,2666.2241,1133.322,600.051,633.3772,0.98529,16.6658,0.97059,0,0,600.051,0.52947
TV16_SRT1.gazedata,4,3,6,483.6121,2617.116,1050.2651,499.9958,533.332,1,0,0.96826,0,0,499.9958,0.41176
TV16_SRT1.gazedata,5,3,3,483.228,2616.29,1016.563,466.6782,500.0061,1,0,0.96722,0,0,466.6782,0.37256
TV16_SRT1.gazedata,6,2,6,483.5481,3261.73,1477.7542,-1,-1,0.36364,890.7952,1,0,1,-1,-1
TV16_SRT1.gazedata,7,2,3,483.3459,2528.231,1000.0549,466.6799,483.3818,1,0,0.9833,0,0,466.6799,0.37256
TV16_SRT1.gazedata,8,4,3,484.4561,7152.4849,1468.707,-1,-1,0.097561,1268.5081,1,0,1,-1,-1
TV16_SRT1.gazedata,9,4,5,483.4421,2567.3149,1033.3782,483.28,516.6121,1,0,0.96774,0,0,483.28,0.39209
TV16_SRT1.gazedata,10,3,4,484.155,2988.0249,1454.7261,887.7119,937.741,0.67816,167.1411,0.78232,0,0,887.7119,0.8679
TV16_SRT1.gazedata,11,3,5,482.895,3018.9429,1500.269,966.6909,983.366,0.9,133.3398,0.98889,0,0,966.6909,0.96081
TV16_SRT2.gazedata,0,3,6,483.2761,2550.3679,1016.6091,466.7559,500.042,1,0,0.96726,0,0,466.7559,0.37265
TV16_SRT2.gazedata,1,2,3,483.5549,2466.0278,950.124,399.8918,433.22,1,0,0.96492,0,0,399.8918,0.29399
TV16_SRT2.gazedata,2,3,4,483.3621,2533.311,1016.791,466.7739,500.104,1,0,0.96722,0,0,466.7739,0.37268
TV16_SRT2.gazedata,3,3,5,483.198,2369.592,849.7979,299.969,333.2988,1,0,0.96078,0,0,299.969,0.17643
TV16_SRT2.gazedata,4,4,5,484.9429,2416.5891,868.3918,300.071,350.085,0.96154,15.783,0.94241,0,0,300.071,0.17655
TV16_SRT2.gazedata,5,4,6,483.356,2733.354,1183.238,633.342,666.6541,0.97183,15.4128,0.97185,0,0,633.342,0.56864
TV16_SRT2.gazedata,6,2,4,483.5439,2399.925,866.573,316.3132,349.6362,1,0,0.96155,0,0,316.3132,0.19566
TV16_SRT2.gazedata,7,4,3,483.5488,8420.0669,1483.541,-1,-1,0.98876,16.0908,1,0,0,1000,1
TV16_SRT2.gazedata,8,4,4,493.1841,2710.614,1487.178,-1,-1,0.34483,455.929,0.33162,0,1,-1,-1
TV16_SRT2.gazedata,9,2,6,483.4192,5159.1599,1466.7422,-1,-1,1,0,0.31822,0,1,-1,-1
TV16_SRT2.gazedata,10,2,5,477.6108,8261.28,1464.6638,-1,-1,0.25287,826.7241,0.59875,0,1,-1,-1
TV16_SRT2.gazedata,11,3,3,482.551,6654.741,1471.304,-1,-1,0.010638,1452.8179,1,0,1,-1,-1
TV16_SRT3.gazedata,0,2,6,483.314,13360.4932,1483.2742,-1,-1,0,1483.2742,0,0,1,-1,-1
TV16_SRT3.gazedata,1,2,4,484.395,4716.719,1484.249,-1,-1,1,0,1,0,0,1000,1
TV16_SRT3.gazedata,2,2,5,483.3909,2533.8169,883.3579,333.322,366.6479,1,0,0.96227,0,0,333.322,0.21567
TV16_SRT3.gazedata,3,3,3,483.272,2916.4099,1399.936,849.9951,883.3411,1,0,0.97618,0,0,849.9951,0.82352
TV16_SRT3.gazedata,4,4,6,483.4871,2800.4331,1266.6711,716.5659,749.9021,1,0,0.52639,0,1,-1,-1
TV16_SRT3.gazedata,5,4,5,483.283,2938.842,1450.46,-1,-1,0.87356,116.665,0.18378,0,1,-1,-1
TV16_SRT3.gazedata,6,3,6,487.1501,2483.23,1487.0161,-1,-1,1,0,0.30519,0,1,-1,-1
TV16_SRT3.gazedata,7,2,3,483.303,2315.915,783.335,233.323,266.689,1,0,0.95741,0,0,233.323,0.098027
TV16_SRT3.gazedata,8,4,3,483.4751,2399.679,849.999,299.8501,333.1799,1,0,0.96079,0,0,299.8501,0.17629
TV16_SRT3.gazedata,9,4,4,483.2949,2916.603,1466.739,-1,-1,1,0,0.38635,0,1,-1,-1
TV16_SRT3.gazedata,10,3,5,483.2759,2367.074,816.541,266.6069,299.9351,1,0,0.95918,0,0,266.6069,0.13718
TV16_SRT3.gazedata,11,3,4,483.2209,3350.0769,1466.551,-1,-1,1,0,0.39768,0,1,-1,-1
TV17_SRT1.gazedata,0,2,5,488.6909,2731.999,1188.5569,633.2031,666.531,1,0,0.97196,0,0,633.2031,0.56847
TV17_SRT1.gazedata,1,4,6,483.5688,2558.3569,1000.2478,450.03,483.3608,1,0,0.96668,0,0,450.03,0.35298
TV17_SRT1.gazedata,2,4,5,483.405,2574.0491,1050.0349,499.938,533.293,1,0,0.96823,0,0,499.938,0.41169
TV17_SRT1.gazedata,3,2,4,483.333,9204.385,1483.166,-1,-1,0.8427,233.1758,0.82032,0,1,-1,-1
TV17_SRT1.gazedata,4,2,3,482.5339,2650.012,1033.2639,483.2839,516.637,0.87097,66.688,0.96772,0,0,483.2839,0.3921
TV17_SRT1.gazedata,5,3,6,486.7439,14229.2791,1472.969,-1,-1,0.11364,1305.665,0,0,1,-1,-1
TV17_SRT1.gazedata,6,4,4,483.6511,9320.2471,1466.7251,-1,-1,0.75,366.5452,0.72737,0,1,-1,-1
TV17_SRT1.gazedata,7,4,3,483.364,2133.2229,1465.948,-1,-1,0.52874,566.3459,0.38661,0,1,-1,-1
TV17_SRT1.gazedata,8,3,3,471.7581,3749.4409,1469.647,-1,-1,0.27586,1031.2168,0.23029,0,1,-1,-1
TV17_SRT1.gazedata,9,3,4,483.2261,8038.238,1466.782,-1,-1,0.98864,0,0.46581,0,1,-1,-1
TV17_SRT1.gazedata,10,2,6,480.6699,2500.011,980.6001,433.2571,466.5972,0.95082,16.666,0.966,0,0,433.2571,0.33324
TV17_SRT1.gazedata,11,3,5,470.5261,7714.6689,1456.217,-1,-1,0.08046,1336.6628,1,0,1,-1,-1
TV17_SRT2.gazedata,0,2,5,473.7041,2383.2739,823.562,283.177,316.5139,0.95918,17.74,0.95952,0,0,283.177,0.15668
TV17_SRT2.gazedata,1,3,3,483.2551,2632.9561,1066.8,516.8491,550.198,1,0,0.96874,0,0,516.8491,0.43159
TV17_SRT2.gazedata,2,4,5,483.3369,2717.1931,1149.915,616.594,633.2461,1,0,0.98552,0,0,616.594,0.54893
TV17_SRT2.gazedata,3,4,4,483.448,6141.9438,1466.7939,-1,-1,0.54545,666.7241,1,0,1,-1,-1
TV17_SRT2.gazedata,4,3,4,483.2998,11294.959,1482.6499,-1,-1,0.73864,377.553,0.73364,1,1,-1,-1
TV17_SRT2.gazedata,5,3,6,483.366,4861.4119,1477.8591,-1,-1,0.68182,155.52,0.53574,1,1,-1,-1
TV17_SRT2.gazedata,6,3,5,486.7571,2316.6741,753.614,200.186,233.5229,0.97727,16.6238,0.95576,0,0,200.186,0.059042
TV17_SRT2.gazedata,7,4,3,483.2949,2083.4719,1466.6909,-1,-1,0.98851,16.6599,0.32951,0,1,-1,-1
TV17_SRT2.gazedata,8,2,4,483.1179,2466.3032,899.9849,350.196,383.5381,1,0,0.96295,0,0,350.196,0.23552
TV17_SRT2.gazedata,9,2,6,483.3281,5411.1599,1472.3201,-1,-1,0.18182,1172.3469,0.19243,0,1,-1,-1
TV17_SRT2.gazedata,10,4,6,483.2129,2367.1191,816.491,266.6431,299.9551,1,0,0.9592,0,0,266.6431,0.13723
TV17_SRT2.gazedata,11,2,3,483.3738,17799.5811,1468.241,-1,-1,0.54545,366.6721,0.26112,0,1,-1,-1
TV17_SRT3.gazedata,0,2,5,495.5161,3103.281,1483.0291,-1,-1,0.55556,317.9519,0.011245,0,1,-1,-1
TV17_SRT3.gazedata,1,3,4,469.4331,2967.873,1436.3511,899.9399,933.2639,0.95349,17.114,0.54711,0,1,-1,-1
TV17_SRT3.gazedata,2,3,6,483.781,2501.2759,1471.019,-1,-1,0.57647,470.123,0.11322,0,1,-1,-1
TV17_SRT3.gazedata,3,2,4,486.3469,5072.874,1469.9299,-1,-1,0.34524,833.603,1,0,1,-1,-1
TV17_SRT3.gazedata,4,4,6,483.4099,2940.3699,1402.6738,868.542,885.9448,0.63095,518.6011,0.98759,1,1,-1,-1
TV17_SRT3.gazedata,5,2,3,484.5759,7438.988,1468.5662,-1,-1,0.125,1302.134,1,0,1,-1,-1
TV17_SRT3.gazedata,6,4,5,484.3569,15426.8999,1470.647,-1,-1,0.39773,836.321,0.68286,0,1,-1,-1
TV17_SRT3.gazedata,7,4,3,483.491,5838.488,1468.929,-1,-1,0.39773,885.49,0.36315,0,1,-1,-1
TV17_SRT3.gazedata,8,4,4,483.093,13192.7429,1482.99,-1,-1,0.98876,16.666,1,0,0,1000,1
TV17_SRT3.gazedata,9,3,3,482.1321,9329.0059,1480.146,-1,-1,0,1480.146,0,0,1,-1,-1
TV17_SRT3.gazedata,10,3,5,494.5281,9495.6821,1481.344,-1,-1,0,1481.344,0,0,1,-1,-1
TV17_SRT3.gazedata,11,2,6,479.4221,2097.877,1471.9221,-1,-1,0,1471.9221,0,0,1,-1,-1
TV18_SRT1.gazedata,0,2,3,483.2329,2516.1919,983.209,433.259,466.647,1,0,0.96604,0,0,433.259,0.33325
TV18_SRT1.gazedata,1,3,4,483.3188,2566.7778,999.907,466.594,483.259,1,0,0.98333,0,0,466.594,0.37246
TV18_SRT1.gazedata,2,4,5,483.3459,12766.7532,1483.2561,-1,-1,0.96629,16.666,0.77538,0,0,1000,1
TV18_SRT1.gazedata,3,2,6,483.2759,2501.1409,933.6699,400.407,417.0769,1,0,0.98215,0,0,400.407,0.2946
TV18_SRT1.gazedata,4,2,4,483.425,2516.0491,983.3689,433.3071,466.645,1,0,0.9661,0,0,433.3071,0.3333
TV18_SRT1.gazedata,5,4,4,483.2581,7428.197,1467.1331,-1,-1,0.67045,483.8718,0.62476,0,1,-1,-1
TV18_SRT1.gazedata,6,3,6,484.179,3625.3381,1468.259,-1,-1,0.60227,567.4871,0.57945,0,1,-1,-1
TV18_SRT1.gazedata,7,3,3,483.3508,11390.0061,1473.592,-1,-1,0.63636,540.207,0.59947,0,1,-1,-1
TV18_SRT1.gazedata,8,4,6,473.1331,3257.1089,1458.2949,-1,-1,0.072289,598.1218,1,0,1,-1,-1
TV18_SRT1.gazedata,9,3,5,490.0898,2417.4812,906.887,350.2112,383.4631,0.92593,16.6641,0.96333,0,0,350.2112,0.23554
TV18_SRT1.gazedata,10,4,3,483.7659,13216.5029,1469.5969,-1,-1,0.77273,335.8689,0.70344,0,1,-1,-1
TV18_SRT1.gazedata,11,2,5,483.3569,2650.571,1116.6399,566.571,599.939,1,0,0.97012,0,0,566.571,0.49008
TV18_SRT2.gazedata,0,4,3,483.0959,2500.2312,983.291,416.5042,466.8721,1,0,0.94878,0,0,416.5042,0.31353
TV18_SRT2.gazedata,1,3,5,483.457,2617.2319,1083.397,533.272,566.6021,1,0,0.96924,0,0,533.272,0.45091
TV18_SRT2.gazedata,2,2,6,483.4951,2549.8601,1000.0662,449.9041,483.2351,1,0,0.96667,0,0,449.9041,0.35283
TV18_SRT2.gazedata,3,4,4,483.3091,2582.8552,1050.0159,500.0461,533.375,1,0,0.96826,0,0,500.0461,0.41182
TV18_SRT2.gazedata,4,3,4,483.4409,2467.21,933.5269,400.0339,416.751,1,0,0.98209,0,0,400.0339,0.29416
TV18_SRT2.gazedata,5,2,5,483.717,6276.7761,1470.967,-1,-1,0.71591,404.095,0.70263,0,1,-1,-1
TV18_SRT2.gazedata,6,4,6,483.832,2467.7781,950.5068,366.676,433.3379,0.98246,16.676,0.92987,0,0,366.676,0.25491
TV18_SRT2.gazedata,7,3,6,483.356,2466.7361,949.9351,383.3,433.2981,1,0,0.94737,0,0,383.3,0.27447
TV18_SRT2.gazedata,8,2,3,483.344,2449.459,933.228,383.304,416.636,1,0,0.96428,0,0,383.304,0.27448
TV18_SRT2.gazedata,9,4,5,483.239,2450.6082,900.0039,366.7661,383.437,1,0,0.98148,0,0,366.7661,0.25502
TV18_SRT2.gazedata,10,2,4,483.228,2499.438,933.3469,400.136,416.7979,1,0,0.98215,0,0,400.136,0.29428
TV18_SRT2.gazedata,11,3,3,485.8171,2416.0261,919.155,366.666,400.001,0.98214,0,0.96373,0,0,366.666,0.2549
TV18_SRT3.gazedata,0,4,3,483.354,2599.3779,966.8582,416.835,450.177,1,0,0.96552,0,0,416.835,0.31392
TV18_SRT3.gazedata,1,3,5,483.4512,2417.3162,1050.615,366.6482,533.863,1,0,0.84084,0,0,366.6482,0.25488
TV18_SRT3.gazedata,2,2,3,483.3738,2433.2991,900.002,333.301,383.2961,1,0,0.94445,0,0,333.301,0.21565
TV18_SRT3.gazedata,3,3,6,483.8928,2466.6919,933.895,383.333,416.668,1,0,0.96431,0,0,383.333,0.27451
TV18_SRT3.gazedata,4,2,5,500.0139,2449.8921,916.5959,333.3171,383.2961,1,0,0.94547,0,0,333.3171,0.21567
TV18_SRT3.gazedata,5,4,4,483.8938,2499.446,917.084,366.5872,399.9211,1,0,0.96365,0,0,366.5872,0.25481
TV18_SRT3.gazedata,6,4,6,483.4541,2500.5,950.061,366.625,433.27,1,0,0.92985,0,0,366.625,0.25485
TV18_SRT3.gazedata,7,3,3,483.4099,2416.585,866.7268,299.988,349.98,1,0,0.94232,0,0,299.988,0.17646
TV18_SRT3.gazedata,8,2,6,483.2791,2466.925,899.719,349.7939,383.1099,1,0,0.96297,0,0,349.7939,0.23505
TV18_SRT3.gazedata,9,4,5,483.3579,2583.292,1033.2971,483.271,516.6091,1,0,0.70969,0,0,483.271,0.39208
TV18_SRT3.gazedata,10,2,4,483.375,2449.3301,899.9302,349.885,383.2222,1,0,0.96296,0,0,349.885,0.23516
TV18_SRT3.gazedata,11,3,4,483.29,2932.803,1400.052,633.342,883.4128,1,0,0.46427,0,1,-1,-1
TV21_SRT1.gazedata,0,2,5,483.0759,2409.98,883.1841,333.4612,366.7642,1,0,0.96229,0,0,333.4612,0.21584
TV21_SRT1.gazedata,1,4,5,483.5281,3337.3372,1477.022,-1,-1,0.68182,276.3899,0.64334,1,1,-1,-1
TV21_SRT1.gazedata,2,2,4,475.95,2349.573,825.9609,283.3372,316.6741,0.91837,34.6079,0.95964,0,0,283.3372,0.15687
TV21_SRT1.gazedata,3,3,4,483.3528,2350.009,816.6438,283.3062,299.907,1,0,0.97967,0,0,283.3062,0.15683
TV21_SRT1.gazedata,4,4,3,483.2351,2550.22,899.8582,349.9548,383.292,1,0,0.96295,0,0,349.9548,0.23524
TV21_SRT1.gazedata,5,3,6,483.2319,2309.582,783.127,233.248,266.573,1,0,0.95745,0,0,233.248,0.097939
TV21_SRT1.gazedata,6,4,4,483.885,2432.437,883.98,333.415,366.7561,1,0,0.77369,0,0,333.415,0.21578
TV21_SRT1.gazedata,7,2,6,467.074,2367.561,801.032,283.958,300.623,0.97917,15.876,0.9792,0,0,283.958,0.1576
TV21_SRT1.gazedata,8,4,6,483.356,2016.9612,1467.0181,-1,-1,0.35632,950.3372,0.31812,0,1,-1,-1
TV21_SRT1.gazedata,9,2,3,483.6479,4884.0981,750.606,216.9641,233.6331,1,0,0.97779,0,0,216.9641,0.078781
TV21_SRT1.gazedata,10,3,3,485.3,16725.739,690.6328,152.564,170.4929,0.525,206.8389,0.97404,0,1,-1,-1
TV21_SRT1.gazedata,11,3,5,479.1399,3000.061,1463.9189,-1,-1,0.8046,217.1638,0.23195,0,1,-1,-1
TV21_SRT2.gazedata,0,2,6,484.8689,2453.2451,935.2161,400.3611,417.0281,0.96429,17.312,0.98218,0,0,400.3611,0.29454
TV21_SRT2.gazedata,1,4,4,483.3879,2299.572,750.0488,216.6628,233.3289,0.97778,16.6628,0.97778,0,0,216.6628,0.078427
TV21_SRT2.gazedata,2,2,4,472.74,2712.8149,1468.9719,-1,-1,0.84884,223.55,0.4401,0,1,-1,-1
TV21_SRT2.gazedata,3,4,3,483.446,12826.876,1473.8271,-1,-1,0.14943,1273.9111,0.98872,0,1,-1,-1
TV21_SRT2.gazedata,4,3,3,483.2922,23831.104,1470.5771,-1,-1,0.31818,1003.9521,0.22664,0,1,-1,-1
TV21_SRT2.gazedata,5,3,5,488.042,6696.0378,1482.791,-1,-1,0.056818,1061.488,0.27189,0,1,-1,-1
TV21_SRT2.gazedata,6,2,5,483.3591,21119.0259,1479.2561,-1,-1,0.40909,879.2329,0.36055,0,1,-1,-1
TV21_SRT2.gazedata,7,4,6,484.521,14826.0852,1468.554,-1,-1,0.48864,717.3718,0.40869,0,1,-1,-1
TV21_SRT2.gazedata,8,3,6,483.49,2333.7642,783.491,250.001,266.6641,1,0,0.97873,0,0,250.001,0.11765
TV21_SRT2.gazedata,9,4,5,483.343,2343.5818,766.614,233.325,249.9348,1,0,0.97833,0,0,233.325,0.098029
TV21_SRT2.gazedata,10,3,4,472.0679,2382.812,855.4189,316.6741,350.0181,1,0,0.96102,0,0,316.6741,0.19609
TV21_SRT2.gazedata,11,2,3,495.406,2340.6292,821.064,274.4741,291.1511,0.58333,300.2742,0.97969,0,1,-1,-1
TV21_SRT3.gazedata,0,2,5,483.678,16528.739,1473.5469,-1,-1,0.62069,538.2539,0.3961,0,1,-1,-1
TV21_SRT3.gazedata,1,4,4,488.856,9217.968,1474.229,-1,-1,0.41176,868.6731,0.38814,0,1,-1,-1
TV21_SRT3.gazedata,2,4,6,487.5718,2617.3398,1054.3108,500.0688,533.4038,0.80952,166.6692,0.96838,0,0,500.0688,0.41185
TV21_SRT3.gazedata,3,2,4,469.0461,2360.083,813.0562,294.0042,310.6711,1,0,0.9795,0,0,294.0042,0.16942
TV21_SRT3.gazedata,4,2,6,483.3708,2340.1121,799.9878,249.9619,283.2869,1,0,0.95834,0,0,249.9619,0.1176
TV21_SRT3.gazedata,5,4,5,486.656,2233.842,720.1099,183.4512,200.116,1,0,0.97686,0,0,183.4512,0.039354
TV21_SRT3.gazedata,6,3,4,483.4519,8629.0671,1482.8999,-1,-1,0.48315,749.614,0.43831,0,1,-1,-1
TV21_SRT3.gazedata,7,3,3,482.6709,2317.479,782.6838,233.3379,266.6729,1,0,0.95741,0,0,233.3379,0.098045
TV21_SRT3.gazedata,8,4,3,482.792,7379.1108,1479.1418,-1,-1,0.25843,1112.4358,0.21411,0,1,-1,-1
TV21_SRT3.gazedata,9,3,5,498.355,2667.1809,1132.4312,567.3979,600.738,0.94118,18.0178,0.36648,0,1,-1,-1
TV21_SRT3.gazedata,10,2,3,483.686,24701.957,1481.6829,-1,-1,0.42529,797.9768,0.30395,0,1,-1,-1
TV21_SRT3.gazedata,11,3,6,466.748,2583.2561,1000.116,466.6511,500.022,0.95,33.332,0.96663,0,0,466.6511,0.37253
TV29_SRT1.gazedata,0,3,5,485.2512,2433.4551,901.8831,349.9812,383.311,0.98148,16.1431,0.96304,0,0,349.9812,0.23527
TV29_SRT1.gazedata,1,4,4,483.2061,2516.136,983.303,450.0569,466.72,1,0,0.98305,0,0,450.0569,0.35301
TV29_SRT1.gazedata,2,2,6,483.479,2466.5461,916.6421,383.156,399.8191,0.89091,83.2998,0.98182,0,0,383.156,0.2743
TV29_SRT1.gazedata,3,4,5,483.5571,2383.2961,850.3462,316.717,333.3892,1,0,0.98039,0,0,316.717,0.19614
TV29_SRT1.gazedata,4,3,4,487.6091,2632.7639,1087.8252,533.561,566.8911,1,0,0.96936,0,0,533.561,0.45125
TV29_SRT1.gazedata,5,3,3,483.428,2516.2251,1000.1511,450.062,483.3872,1,0,0.96668,0,0,450.062,0.35301
TV29_SRT1.gazedata,6,3,6,483.4399,2366.7009,850.0271,299.926,333.259,1,0,0.96079,0,0,299.926,0.17638
TV29_SRT1.gazedata,7,2,3,483.438,4015.9331,1483.3701,-1,-1,0.79775,283.3591,1,0,1,-1,-1
TV29_SRT1.gazedata,8,2,5,483.345,2450.45,883.22,349.885,366.541,1,0,0.98114,0,0,349.885,0.23516
TV29_SRT1.gazedata,9,4,6,483.167,2450.1389,900.0288,350.1931,383.5349,1,0,0.96295,0,0,350.1931,0.23552
TV29_SRT1.gazedata,10,4,3,483.3789,2616.1221,1050.0339,499.9629,533.312,1,0,0.96824,0,0,499.9629,0.41172
TV29_SRT1.gazedata,11,2,4,483.3459,2599.3069,1099.6528,566.217,582.9099,0.86364,149.917,0.98482,1,1,-1,-1
TV29_SRT2.gazedata,0,4,4,488.387,14247.6848,1471.542,-1,-1,0.034483,1435.9102,1,0,1,-1,-1
TV29_SRT2.gazedata,1,3,3,483.4009,2483.3469,916.658,383.2129,399.9241,1,0,0.98177,0,0,383.2129,0.27437
TV29_SRT2.gazedata,2,4,5,483.2151,2434.0281,866.603,316.7209,350.0601,1,0,0.96153,0,0,316.7209,0.19614
TV29_SRT2.gazedata,3,3,6,483.4719,2420.1711,850.1709,316.7012,333.3621,1,0,0.9804,0,0,316.7012,0.19612
TV29_SRT2.gazedata,4,3,5,484.176,2772.7549,1482.2781,-1,-1,0.36364,761.293,0.19161,0,1,-1,-1
TV29_SRT2.gazedata,5,4,3,486.145,2553.635,1039.3101,486.2729,519.5979,0.14516,817.998,0.96794,0,1,-1,-1
TV29_SRT2.gazedata,6,2,6,483.4722,2442.376,933.239,366.4539,399.7759,1,0,0.96429,0,0,366.4539,0.25465
TV29_SRT2.gazedata,7,2,4,485.5281,2432.957,868.5691,316.377,349.7031,0.98077,16.6169,0.96163,0,0,316.377,0.19574
TV29_SRT2.gazedata,8,3,4,483.0869,2483.4851,916.5591,383.46,400.1482,1,0,0.98179,0,0,383.46,0.27466
TV29_SRT2.gazedata,9,2,5,483.355,2400.1689,866.667,316.667,349.9958,0.80769,133.4189,0.96154,0,0,316.667,0.19608
TV29_SRT2.gazedata,10,4,6,483.562,17358.9131,1472.7661,-1,-1,0.30682,989.2041,1,0,1,-1,-1
TV29_SRT2.gazedata,11,2,3,476.679,7267.354,1460.6411,-1,-1,0.057471,1389.25,0.036456,0,1,-1,-1
TV29_SRT3.gazedata,0,2,4,489.864,2450.0701,873.165,316.6331,349.968,1,0,0.96182,0,0,316.6331,0.19604
TV29_SRT3.gazedata,1,2,6,489.605,2478.502,939.7271,383.4451,416.8,0.81818,161.45,0.58548,0,1,-1,-1
TV29_SRT3.gazedata,2,2,5,471.7039,5961.6631,1463.501,-1,-1,0.011364,937.697,1,0,1,-1,-1
TV29_SRT3.gazedata,3,4,6,484.52,2383.9302,851.1331,299.9531,333.2861,1,0,0.96084,0,0,299.9531,0.17642
TV29_SRT3.gazedata,4,4,4,500.071,2382.7859,866.7341,316.625,333.291,1,0,0.98077,0,0,316.625,0.19603
TV29_SRT3.gazedata,5,3,5,483.2351,2350.5759,799.8679,249.981,283.2969,1,0,0.95835,0,0,249.981,0.11762
TV29_SRT3.gazedata,6,3,3,483.322,2432.769,866.687,316.697,350.0359,1,0,0.96153,0,0,316.697,0.19611
TV29_SRT3.gazedata,7,2,3,483.2061,2666.7588,1149.9121,533.3708,633.376,0.97101,33.3342,0.91303,0,0,533.3708,0.45102
TV29_SRT3.gazedata,8,3,6,483.3181,2399.9529,866.717,316.771,350.063,1,0,0.96159,0,0,316.771,0.1962
TV29_SRT3.gazedata,9,4,5,483.3091,2450.499,899.917,349.9731,383.272,1,0,0.963,0,0,349.9731,0.23526
TV29_SRT3.gazedata,10,4,3,483.3569,2482.918,916.582,383.2991,399.9521,1,0,0.98183,0,0,383.2991,0.27447
TV29_SRT3.gazedata,11,3,4,482.9839,3100.303,1467.0718,-1,-1,0.97727,15.853,0.72694,0,0,1000,1
TV31_SRT1.gazedata,0,2,5,483.1628,2484.0051,949.8999,400.0671,433.4041,1,0,0.9649,0,0,400.0671,0.2942
TV31_SRT1.gazedata,1,4,5,483.188,2549.696,983.2148,433.374,466.7039,1,0,0.9661,0,0,433.374,0.33338
TV31_SRT1.gazedata,2,3,3,483.469,2483.252,916.7061,366.5649,399.894,1,0,0.96364,0,0,366.5649,0.25478
TV31_SRT1.gazedata,3,2,6,483.2109,2367.1619,799.4861,266.2749,282.929,1,0,0.97917,0,0,266.2749,0.13679
TV31_SRT1.gazedata,4,3,6,483.436,2770.7981,1466.8191,-1,-1,1,0,0.36367,0,1,-1,-1
TV31_SRT1.gazedata,5,4,4,483.4231,2319.177,786.0781,267.3889,285.002,0.25,116.8479,0.97759,1,1,-1,-1
TV31_SRT1.gazedata,6,4,6,483.4009,2640.929,966.7261,433.2729,449.9841,0.27586,116.6309,0.98271,1,1,-1,-1
TV31_SRT1.gazedata,7,3,4,483.3071,2432.8721,900.1531,366.835,383.509,1,0,0.98148,0,0,366.835,0.2551
TV31_SRT1.gazedata,8,3,5,483.373,2466.6421,949.8562,416.4841,433.1521,1,0,0.98245,0,0,416.4841,0.31351
TV31_SRT1.gazedata,9,2,3,483.46,2432.8308,916.8162,366.6799,400.022,1,0,0.96363,0,0,366.6799,0.25492
TV31_SRT1.gazedata,10,4,3,474.1641,2976.0659,1017.7141,454.314,509.5659,0.11111,774.0691,0.94571,1,1,-1,-1
TV31_SRT1.gazedata,11,2,4,483.363,2399.4531,883.2122,333.2952,366.6282,1,0,0.96226,0,0,333.2952,0.21564
TV31_SRT2.gazedata,0,4,4,483.3608,2616.29,1483.0369,-1,-1,0.78409,248.5601,0.41584,0,1,-1,-1
TV31_SRT2.gazedata,1,3,5,483.2239,3800.5029,1466.6199,-1,-1,1,0,0.32948,0,1,-1,-1
TV31_SRT2.gazedata,2,3,4,483.2202,2416.7988,883.4722,333.5818,366.928,1,0,0.96226,0,0,333.5818,0.21598
TV31_SRT2.gazedata,3,2,6,483.5022,2700.3989,1467.2122,-1,-1,1,0,0.22728,0,1,-1,-1
TV31_SRT2.gazedata,4,4,5,483.3298,2383.522,816.646,283.3188,299.989,1,0,0.97959,0,0,283.3188,0.15685
TV31_SRT2.gazedata,5,2,5,483.3379,2233.4182,1466.7029,-1,-1,1,0,0.45453,0,1,-1,-1
TV31_SRT2.gazedata,6,3,6,483.0071,2483.7041,1466.7031,-1,-1,0.96552,33.6492,0.44286,0,1,-1,-1
TV31_SRT2.gazedata,7,4,6,483.301,2433.3689,1466.7122,-1,-1,1,0,0.29542,0,1,-1,-1
TV31_SRT2.gazedata,8,2,3,483.2678,17081.583,1466.5989,-1,-1,1,0,0.29542,0,1,-1,-1
TV31_SRT2.gazedata,9,2,4,483.76,2416.782,867.179,316.7539,350.0808,1,0,0.96157,0,0,316.7539,0.19618
TV31_SRT2.gazedata,10,3,3,483.3521,3733.2559,1483.1211,-1,-1,1,0,0.26971,0,1,-1,-1
TV31_SRT2.gazedata,11,4,3,483.3369,2316.688,799.9771,266.6941,283.3582,1,0,0.97917,0,0,266.6941,0.13729
TV31_SRT3.gazedata,0,3,5,483.175,2333.459,783.292,250.1182,266.7891,1,0,0.97872,0,0,250.1182,0.11779
TV31_SRT3.gazedata,1,4,5,483.595,2099.697,1483.2312,-1,-1,1,0,0.34856,0,1,-1,-1
TV31_SRT3.gazedata,2,2,6,483.1738,2401.3818,1466.8828,-1,-1,1,0,0.40909,0,1,-1,-1
TV31_SRT3.gazedata,3,2,4,483.271,2384.8259,866.5479,316.6021,349.9399,1,0,0.96153,0,0,316.6021,0.196
TV31_SRT3.gazedata,4,4,6,483.459,2300.6138,783.4871,233.3479,266.6819,1,0,0.95745,0,0,233.3479,0.098056
TV31_SRT3.gazedata,5,4,3,483.324,2432.635,916.699,366.7048,400.0469,1,0,0.96363,0,0,366.7048,0.25495
TV31_SRT3.gazedata,6,4,4,483.479,2533.3801,967.5142,417.321,450.6631,1,0,0.43075,0,1,-1,-1
TV31_SRT3.gazedata,7,3,3,483.5359,3466.6189,1483.0049,-1,-1,1,0,0.29233,0,1,-1,-1
TV31_SRT3.gazedata,8,3,6,483.2271,2450.198,1466.7021,-1,-1,1,0,0.39763,0,1,-1,-1
TV31_SRT3.gazedata,9,2,3,483.2849,2683.165,1483.2051,-1,-1,1,0,0.24719,0,1,-1,-1
TV31_SRT3.gazedata,10,3,4,483.3831,2299.094,766.49,216.5132,249.7671,1,0,0.95662,0,0,216.5132,0.078251
TV31_SRT3.gazedata,11,2,5,489.0669,2316.7981,822.4238,283.3491,300.022,0.98,16.666,0.97973,0,0,283.3491,0.15688
TV33_SRT1.gazedata,0,2,6,483.4102,2550.54,1016.7991,466.7222,500.05,1,0,0.80337,0,0,466.7222,0.37261
TV33_SRT1.gazedata,1,4,6,486.3259,4216.738,1472.571,-1,-1,0.36364,936.2952,0.319,0,1,-1,-1
TV33_SRT1.gazedata,2,3,4,483.3188,25825.103,1468.656,-1,-1,0.61364,500.043,0.034054,0,1,-1,-1
TV33_SRT1.gazedata,3,3,6,484.907,8494.0999,1469.3381,-1,-1,0.33333,951.1021,0.13611,0,1,-1,-1
TV33_SRT1.gazedata,4,4,3,485.074,61805.6301,1479.7388,-1,-1,0,1479.7388,0,0,1,-1,-1
TV33_SRT1.gazedata,5,2,3,484.6299,59473.6401,1484.1609,-1,-1,0.25843,449.6089,0.19092,0,1,-1,-1
TV33_SRT1.gazedata,6,2,4,488.834,38838.2681,1472.355,-1,-1,0.86364,133.2961,0.86421,0,0,1000,1
TV33_SRT1.gazedata,7,3,3,484.365,3554.0168,1470.561,-1,-1,0,1470.561,0,0,1,-1,-1
TV33_SRT1.gazedata,8,3,5,483.7329,2637.6609,1470.511,-1,-1,0.52874,332.6609,0.022938,0,1,-1,-1
TV33_SRT1.gazedata,9,2,5,488.9761,2748.105,1472.915,-1,-1,0,1472.915,0,0,1,-1,-1
TV33_SRT1.gazedata,10,4,5,483.479,3052.384,1471.488,-1,-1,0,1471.488,0,0,1,-1,-1
TV33_SRT1.gazedata,11,4,4,434.248,3671.231,1426.334,-1,-1,0.060241,902.2961,0,0,1,-1,-1
TV33_SRT2.gazedata,0,2,3,489.573,29094.301,1489.533,-1,-1,0,1489.533,0,0,1,-1,-1
TV33_SRT2.gazedata,1,4,6,483.208,2404.55,876.7939,216.52,360.2671,0.76923,183.175,0.70299,0,0,216.52,0.078259
TV33_SRT2.gazedata,2,2,5,486.666,2362.0281,1484.7922,-1,-1,0.58621,563.4441,0,0,1,-1,-1
TV33_SRT2.gazedata,3,3,6,466.28,2651.572,1449.8521,-1,-1,1,0,0.068932,0,1,-1,-1
TV33_SRT2.gazedata,4,4,5,483.231,2608.4299,1050.05,166.5798,533.49,0.95238,33.342,0.031723,0,1,-1,-1
TV33_SRT2.gazedata,5,2,6,490.1162,2765.531,1250.7471,708.6899,725.3489,0.375,213.3589,0.64037,1,1,-1,-1
TV33_SRT2.gazedata,6,2,4,486.8989,7533.853,1479.1938,-1,-1,0.2069,906.3179,0.16136,0,1,-1,-1
TV33_SRT2.gazedata,7,3,5,478.8459,11989.6938,1469.2151,-1,-1,0.25581,755.741,0,0,1,-1,-1
TV33_SRT2.gazedata,8,3,3,490.916,62903.4719,1476.2861,-1,-1,0.011494,1476.2861,1,0,1,-1,-1
TV33_SRT2.gazedata,9,4,3,470.8081,28265.353,1468.7229,-1,-1,0.032967,1435.396,1,0,1,-1,-1
TV33_SRT2.gazedata,10,4,4,483.5759,10289.165,1483.228,-1,-1,1,0,0.044939,0,1,-1,-1
TV33_SRT2.gazedata,11,3,4,483.4009,2466.7129,966.761,283.302,450.043,1,0,0.034474,0,1,-1,-1
TV33_SRT3.gazedata,0,4,6,347.053,533.2939,914.2251,-1,-1,0,914.2251,0,0,1,-1,-1
TV33_SRT3.gazedata,1,3,3,255.0889,518.3569,807.606,-1,-1,0,807.606,0,0,1,-1,-1
TV33_SRT3.gazedata,2,2,5,272.9819,512.1431,803.0859,-1,-1,0,803.0859,0,0,1,-1,-1
TV33_SRT3.gazedata,3,2,4,257.053,689.7048,981.1909,-1,-1,0,981.1909,0,0,1,-1,-1
TV33_SRT3.gazedata,4,4,4,310.6392,706.8601,1051.7751,-1,-1,0,1051.7751,0,0,1,-1,-1
TV33_SRT3.gazedata,5,4,3,296.6931,2324.8188,1293.8481,-1,-1,0,1293.8481,0,0,1,-1,-1
TV33_SRT3.gazedata,6,3,5,196.051,455.948,685.3311,-1,-1,0,685.3311,0,0,1,-1,-1
TV33_SRT3.gazedata,7,2,3,207.8359,426.2271,668.2,-1,-1,0,668.2,0,0,1,-1,-1
TV33_SRT3.gazedata,8,3,4,170.333,408.03,630.3818,-1,-1,0,630.3818,0,0,1,-1,-1
TV33_SRT3.gazedata,9,2,6,223.26,428.3149,685.8479,-1,-1,0,685.8479,0,0,1,-1,-1
TV33_SRT3.gazedata,10,4,5,170.4131,477.7148,681.981,-1,-1,0,681.981,0,0,1,-1,-1
TV33_SRT3.gazedata,11,3,6,188.271,425.9658,648.198,-1,-1,0,648.198,0,0,1,-1,-1
TV34_SRT1.gazedata,0,3,6,488.0361,2483.3479,921.4731,366.783,400.1121,0.96364,16.321,0.96383,0,0,366.783,0.25504
TV34_SRT1.gazedata,1,2,3,483.2319,2599.4631,1033.3101,483.4121,516.7581,1,0,0.96773,0,0,483.4121,0.39225
TV34_SRT1.gazedata,2,3,4,483.2229,2533.325,966.446,416.6121,449.896,1,0,0.96556,0,0,416.6121,0.31366
TV34_SRT1.gazedata,3,4,5,483.374,2517.2151,983.377,433.292,466.678,1,0,0.96605,0,0,433.292,0.33328
TV34_SRT1.gazedata,4,4,6,483.3259,2433.3711,899.9951,350.0051,383.3372,1,0,0.96296,0,0,350.0051,0.2353
TV34_SRT1.gazedata,5,4,3,483.3831,2616.0242,1099.9321,549.8901,583.2131,1,0,0.9697,0,0,549.8901,0.47046
TV34_SRT1.gazedata,6,3,3,483.3569,2616.843,1083.249,533.281,566.564,1,0,0.96927,0,0,533.281,0.45092
TV34_SRT1.gazedata,7,3,5,483.3801,2649.866,1066.665,516.668,550.002,1,0,0.95313,0,0,516.668,0.43137
TV34_SRT1.gazedata,8,2,4,466.6321,2582.7339,1000.0229,466.7258,500.0559,1,0,0.96667,0,0,466.7258,0.37262
TV34_SRT1.gazedata,9,2,5,483.2942,2533.9419,1000.147,450.116,483.4648,1,0,0.96666,0,0,450.116,0.35308
TV34_SRT1.gazedata,10,4,4,483.2568,2516.2329,949.9771,400.001,433.374,1,0,0.96487,0,0,400.001,0.29412
TV34_SRT1.gazedata,11,2,6,483.3809,2483.665,966.7051,416.637,449.9922,1,0,0.9655,0,0,416.637,0.31369
TV34_SRT2.gazedata,0,4,4,483.3369,2517.031,966.751,416.741,450.0811,1,0,0.96551,0,0,416.741,0.31381
TV34_SRT2.gazedata,1,4,3,483.354,2549.8372,1033.3191,483.3081,516.6392,1,0,0.96774,0,0,483.3081,0.39213
TV34_SRT2.gazedata,2,3,3,483.199,2566.7871,1033.2979,483.4521,516.781,0.96774,33.3311,0.96775,0,0,483.4521,0.3923
TV34_SRT2.gazedata,3,3,5,483.2661,2467.071,916.864,383.4739,400.147,1,0,0.98182,0,0,383.4739,0.27468
TV34_SRT2.gazedata,4,4,6,483.3691,2500.0498,933.385,383.3379,416.6709,1,0,0.96429,0,0,383.3379,0.27452
TV34_SRT2.gazedata,5,2,3,483.3679,2566.6428,1016.605,466.5669,499.8979,1,0,0.96721,0,0,466.5669,0.37243
TV34_SRT2.gazedata,6,3,6,483.3569,2550.428,983.3889,433.405,466.697,1,0,0.96615,0,0,433.405,0.33342
TV34_SRT2.gazedata,7,3,4,487.5361,2598.938,1033.9011,494.8511,512.1741,0.34426,352.5239,0.70278,1,1,-1,-1
TV34_SRT2.gazedata,8,2,6,483.26,2679.7939,1126.1821,592.0991,609.5972,0.37313,708.7151,0.98446,0,1,-1,-1
TV34_SRT2.gazedata,9,2,4,484.0881,2483.0068,934.2581,383.501,416.8479,0.98214,16.1641,0.96431,0,0,383.501,0.27471
TV34_SRT2.gazedata,10,4,5,482.469,2400.0889,849.178,300.0378,333.373,0.9,70.2058,0.96074,0,0,300.0378,0.17652
TV34_SRT2.gazedata,11,2,5,482.936,13590.314,1466.6841,-1,-1,1,0,1,0,0,1000,1
TV34_SRT3.gazedata,0,2,3,483.2002,2583.6399,1049.8721,499.9771,533.3459,1,0,0.96822,0,0,499.9771,0.41174
TV34_SRT3.gazedata,1,3,4,483.519,2433.0378,900.0679,349.8728,383.2139,1,0,0.96296,0,0,349.8728,0.23514
TV34_SRT3.gazedata,2,3,3,483.3511,2426.241,883.1931,333.1628,366.4919,1,0,0.96226,0,0,333.1628,0.21549
TV34_SRT3.gazedata,3,4,4,483.3772,2566.5,999.9761,450.0081,483.25,1,0,0.96676,0,0,450.0081,0.35295
TV34_SRT3.gazedata,4,2,4,483.4568,2450.0481,883.4138,333.2871,366.614,1,0,0.96227,0,0,333.2871,0.21563
TV34_SRT3.gazedata,5,2,5,483.4121,2350.4519,800.0481,249.9639,283.3,1,0,0.95833,0,0,249.9639,0.1176
TV34_SRT3.gazedata,6,2,6,483.166,2483.4858,916.4922,366.679,399.99,1,0,0.96365,0,0,366.679,0.25492
TV34_SRT3.gazedata,7,4,6,483.2068,2451.446,933.2629,398.719,416.73,0.73214,248.751,0.9807,0,1,-1,-1
TV34_SRT3.gazedata,8,3,6,483.478,2316.759,800.1729,266.6741,283.355,1,0,0.97915,0,0,266.6741,0.13726
TV34_SRT3.gazedata,9,4,5,483.4719,2299.9858,816.7271,183.3689,299.916,1,0,0.8573,0,0,183.3689,0.039258
TV34_SRT3.gazedata,10,4,3,483.418,2432.8789,866.7529,316.6731,349.9949,1,0,0.96156,0,0,316.6731,0.19609
TV34_SRT3.gazedata,11,3,5,483.375,2300.061,750.0862,200.012,233.344,1,0,0.95556,0,0,200.012,0.058838
TV38_SRT1.gazedata,0,4,5,481.167,21190.5339,1481.127,-1,-1,0,1481.127,0,0,1,-1,-1
TV38_SRT1.gazedata,1,2,5,483.2991,2616.5859,1083.2939,516.6851,550.0129,1,0,0.96923,0,0,516.6851,0.43139
TV38_SRT1.gazedata,2,4,6,483.46,2500.0251,966.8149,416.698,450.0261,1,0,0.96553,0,0,416.698,0.31376
TV38_SRT1.gazedata,3,2,3,483.345,2432.907,883.199,316.571,366.5662,1,0,0.94339,0,0,316.571,0.19597
TV38_SRT1.gazedata,4,3,4,475.012,2534.3909,961.1921,401.623,451.5791,0.89474,32.075,0.94803,0,0,401.623,0.29603
TV38_SRT1.gazedata,5,3,6,483.322,2416.7058,849.9561,299.9758,333.293,1,0,0.9608,0,0,299.9758,0.17644
TV38_SRT1.gazedata,6,4,4,483.2781,2482.959,949.8799,399.9519,433.2769,1,0,0.96492,0,0,399.9519,0.29406
TV38_SRT1.gazedata,7,2,4,483.26,2466.6741,916.627,366.697,400.042,1,0,0.96362,0,0,366.697,0.25494
TV38_SRT1.gazedata,8,2,6,483.3088,2350.54,816.5779,283.2261,299.897,1,0,0.97958,0,0,283.2261,0.15674
TV38_SRT1.gazedata,9,3,3,483.2671,2432.9092,899.978,350.0481,383.385,1,0,0.96296,0,0,350.0481,0.23535
TV38_SRT1.gazedata,10,3,5,484.2769,2268.7122,751.052,216.77,233.4412,1,0,0.9778,0,0,216.77,0.078553
TV38_SRT1.gazedata,11,4,3,483.542,2469.5869,967.5559,417.094,450.6809,1,0,0.96529,0,0,417.094,0.31423
TV38_SRT2.gazedata,0,3,4,484.281,10953.5371,1474.3,-1,-1,0.375,890.135,0.38493,0,1,-1,-1
TV38_SRT2.gazedata,1,4,5,483.1411,2434.1279,916.718,366.9131,400.2529,1,0,0.96363,0,0,366.9131,0.25519
TV38_SRT2.gazedata,2,4,3,483.2109,2449.6531,933.343,383.26,416.8052,1,0,0.96406,0,0,383.26,0.27442
TV38_SRT2.gazedata,3,4,4,483.584,2583.1589,1033.4329,483.2129,516.5469,1,0,0.96774,0,0,483.2129,0.39202
TV38_SRT2.gazedata,4,2,3,483.479,2333.2642,816.832,266.6611,300.0032,1,0,0.95918,0,0,266.6611,0.13725
TV38_SRT2.gazedata,5,3,5,483.2959,23183.9148,1483.218,-1,-1,0.35294,999.9221,1,0,1,-1,-1
TV38_SRT2.gazedata,6,3,6,483.3789,2449.9922,916.4128,366.613,399.949,1,0,0.96362,0,0,366.613,0.25484
TV38_SRT2.gazedata,7,3,3,483.2329,2482.886,933.2739,366.7039,416.7029,1,0,0.94643,0,0,366.7039,0.25495
TV38_SRT2.gazedata,8,2,4,483.4468,2449.9128,899.9658,349.969,383.2969,1,0,0.96297,0,0,349.969,0.23526
TV38_SRT2.gazedata,9,2,5,483.2881,2467.3972,933.311,383.3262,416.6831,1,0,0.96426,0,0,383.3262,0.2745
TV38_SRT2.gazedata,10,2,6,483.1921,2383.686,833.4531,283.615,316.948,1,0,0.96001,0,0,283.615,0.15719
TV38_SRT2.gazedata,11,4,6,483.1199,15082.073,1466.6189,-1,-1,0.32143,1033.4929,1,0,1,-1,-1
TV38_SRT3.gazedata,0,3,5,483.2571,2470.999,949.8992,399.991,433.3091,0.98246,15.5859,0.96492,0,0,399.991,0.29411
TV38_SRT3.gazedata,1,2,4,483.9841,2450.2048,850.4609,299.844,333.1738,0.96078,16.666,0.86281,0,0,299.844,0.17629
TV38_SRT3.gazedata,2,3,4,474.0029,15254.3401,1457.8779,-1,-1,0,1457.8779,0,0,1,-1,-1
TV38_SRT3.gazedata,3,3,6,483.4661,2383.802,850.1431,316.6721,333.344,1,0,0.98039,0,0,316.6721,0.19608
TV38_SRT3.gazedata,4,2,5,489.7478,27812.209,773.5188,233.084,250.5359,0.43478,182.9619,0.97744,1,1,-1,-1
TV38_SRT3.gazedata,5,4,3,483.468,2384.095,850.207,300.0872,333.415,1,0,0.9608,0,0,300.0872,0.17657
TV38_SRT3.gazedata,6,4,6,469.687,3085.478,1468.1331,-1,-1,0,1468.1331,0,0,1,-1,-1
TV38_SRT3.gazedata,7,2,3,483.481,2399.5361,850.144,299.9822,333.3201,0.96078,16.665,0.96079,0,0,299.9822,0.17645
TV38_SRT3.gazedata,8,4,4,483.3579,2416.5959,900.1128,366.7571,383.4199,0.96296,16.677,0.98149,1,1,-1,-1
TV38_SRT3.gazedata,9,2,6,485.2251,2551.229,1024.082,488.7571,505.533,0.081967,603.8508,0.98362,0,1,-1,-1
TV38_SRT3.gazedata,10,4,5,486.6499,2417.877,886.6379,333.314,366.657,0.96226,16.4609,0.96239,0,0,333.314,0.21566
TV38_SRT3.gazedata,11,3,3,484.2771,2411.7241,902.2471,368.0361,384.6521,0.48148,300.439,0.98158,1,1,-1,-1
TV40_SRT1.gazedata,0,4,3,486.406,2669.8962,1156.2161,618.9241,636.4861,0.42029,652.248,0.98481,0,1,-1,-1
TV40_SRT1.gazedata,1,3,4,483.093,2583.4341,1016.439,466.6909,500.022,1,0,0.96721,0,0,466.6909,0.37258
TV40_SRT1.gazedata,2,3,5,483.0979,2547.512,1014.042,479.46,497.595,0.71667,207.356,0.98212,1,1,-1,-1
TV40_SRT1.gazedata,3,3,6,483.3479,2560.3901,1033.376,483.3411,516.6902,1,0,0.96773,0,0,483.3411,0.39217
TV40_SRT1.gazedata,4,4,5,488.5129,2550.407,1005.198,466.689,483.355,1,0,0.98342,0,0,466.689,0.37258
TV40_SRT1.gazedata,5,2,3,483.417,2516.134,966.7061,433.281,449.96,0.93103,33.2791,0.98275,0,0,433.281,0.33327
TV40_SRT1.gazedata,6,2,6,477.8079,2552.9189,1015.168,469.2788,502.636,0.56667,374.053,0.96714,0,1,-1,-1
TV40_SRT1.gazedata,7,2,5,483.3191,2450.2629,900.2351,350.249,383.592,1,0,0.96296,0,0,350.249,0.23559
TV40_SRT1.gazedata,8,2,4,483.3821,2466.623,916.6711,383.2981,399.9631,0.98182,16.6489,0.98182,0,0,383.2981,0.27447
TV40_SRT1.gazedata,9,3,3,483.4299,2516.769,983.3481,433.27,466.582,1,0,0.96612,0,0,433.27,0.33326
TV40_SRT1.gazedata,10,4,6,483.156,2452.5381,949.6819,399.8679,433.197,0.87719,49.999,0.9649,0,0,399.8679,0.29396
TV40_SRT1.gazedata,11,4,4,471.6331,2516.2241,971.6089,433.313,466.645,0.96552,16.3191,0.96569,0,0,433.313,0.33331
TV40_SRT2.gazedata,0,3,3,483.2478,2533.301,949.958,399.9719,433.3171,1,0,0.9649,0,0,399.9719,0.29408
TV40_SRT2.gazedata,1,3,4,483.5278,2533.241,933.575,383.384,416.709,1,0,0.9643,0,0,383.384,0.27457
TV40_SRT2.gazedata,2,4,6,487.1582,2417.01,887.062,266.5491,366.563,0.98148,0,0.88725,0,0,266.5491,0.13712
TV40_SRT2.gazedata,3,2,4,483.5132,2499.8789,933.3721,383.2119,416.533,1,0,0.9643,0,0,383.2119,0.27437
TV40_SRT2.gazedata,4,4,4,483.4309,2488.178,983.448,449.947,466.6101,1,0,0.98306,0,0,449.947,0.35288
TV40_SRT2.gazedata,5,2,6,484.7571,2533.23,968.0972,416.676,450.0081,0.96552,15.24,0.96557,0,0,416.676,0.31374
TV40_SRT2.gazedata,6,3,6,483.562,2466.4409,933.333,399.803,416.4219,1,0,0.98219,0,0,399.803,0.29389
TV40_SRT2.gazedata,7,4,3,483.3521,2496.2791,950.053,400.0449,433.365,0.77193,199.9858,0.96493,0,0,400.0449,0.29417
TV40_SRT2.gazedata,8,2,3,484.9741,2331.856,784.9622,233.325,266.6531,0.86957,83.3289,0.95754,0,0,233.325,0.098029
TV40_SRT2.gazedata,9,3,5,480.2119,2485.1221,913.6008,366.73,400.0649,0.96296,17.7209,0.96351,0,0,366.73,0.25498
TV40_SRT2.gazedata,10,4,5,488.908,18488.1609,1477.103,-1,-1,0.30682,1021.522,0.25208,0,1,-1,-1
TV40_SRT2.gazedata,11,2,5,487.634,2267.5859,920.845,366.5891,399.8799,1,0,0.96385,0,0,366.5891,0.25481
TV40_SRT3.gazedata,0,4,6,483.594,2483.3271,950.1418,399.896,433.218,1,0,0.96493,0,0,399.896,0.294
TV40_SRT3.gazedata,1,4,4,483.3762,2599.427,1033.468,500.093,516.7649,1,0,0.98387,0,0,500.093,0.41187
TV40_SRT3.gazedata,2,3,5,483.377,2467.9031,900.0039,366.6489,383.302,1,0,0.9815,0,0,366.6489,0.25488
TV40_SRT3.gazedata,3,3,4,497.0691,2538.239,1030.2261,449.825,499.8201,1,0,0.95147,0,0,449.825,0.35274
TV40_SRT3.gazedata,4,4,3,488.135,2486.5671,952.7441,398.1272,431.3252,0.39286,276.489,0.96516,0,1,-1,-1
TV40_SRT3.gazedata,5,3,6,483.2722,2525.3862,942.353,309.0532,425.748,0.625,265.769,0.69386,0,1,-1,-1
TV40_SRT3.gazedata,6,3,3,483.343,2492.614,1476.0481,-1,-1,0.6092,516.748,0,0,1,-1,-1
TV40_SRT3.gazedata,7,2,5,483.342,32759.969,1470.6479,-1,-1,0.39773,887.325,0.38531,0,1,-1,-1
TV40_SRT3.gazedata,8,4,5,466.709,2417.072,866.802,333.2749,366.7649,1,0,0.96136,0,0,333.2749,0.21562
TV40_SRT3.gazedata,9,2,4,483.72,2350.0981,800.4219,216.6531,283.344,1,0,0.89587,0,0,216.6531,0.078415
TV40_SRT3.gazedata,10,2,6,483.3918,2420.791,816.7239,266.6641,299.9971,0.93878,16.6619,0.71432,0,0,266.6641,0.13725
TV40_SRT3.gazedata,11,2,3,483.5791,2527.3459,970.9509,437.085,454.0339,0.75862,201.959,0.98254,1,1,-1,-1
TV43_SRT1.gazedata,0,4,5,483.1741,2483.667,949.8589,400.03,433.3569,1,0,0.96491,0,0,400.03,0.29415
TV43_SRT1.gazedata,1,2,4,483.4438,2449.9849,916.8579,333.407,400.064,1,0,0.9273,0,0,333.407,0.21577
TV43_SRT1.gazedata,2,3,3,483.2632,2464.0439,901.3892,368.1621,384.8311,0.88889,49.9609,0.98151,0,0,368.1621,0.25666
TV43_SRT1.gazedata,3,4,4,483.1479,6576.511,1482.603,-1,-1,0.70787,81.928,0.44946,0,1,-1,-1
TV43_SRT1.gazedata,4,2,3,483.4011,2449.395,899.957,366.5591,383.2241,1,0,0.98148,0,0,366.5591,0.25478
TV43_SRT1.gazedata,5,3,4,483.304,2580.01,1482.6841,-1,-1,0.85227,33.334,0.42714,0,1,-1,-1
TV43_SRT1.gazedata,6,4,6,484.7131,2500.573,968.594,417.189,450.5369,0.98276,16.6519,0.96557,0,0,417.189,0.31434
TV43_SRT1.gazedata,7,3,5,483.4802,2500.7791,916.8582,366.7532,400.0891,1,0,0.96364,0,0,366.7532,0.255
TV43_SRT1.gazedata,8,2,5,474.4968,3194.45,1462.282,-1,-1,0.66279,250.124,0.50993,0,1,-1,-1
TV43_SRT1.gazedata,9,4,3,483.905,2332.509,800.6282,250.0791,283.3701,1,0,0.95842,0,0,250.0791,0.11774
TV43_SRT1.gazedata,10,2,6,483.5149,2467.4102,950.2729,416.791,433.4221,1,0,0.9825,0,0,416.791,0.31387
TV43_SRT1.gazedata,11,3,6,486.23,2624.98,1045.887,507.8901,526.2729,0.87097,91.104,0.82309,1,1,-1,-1
TV43_SRT2.gazedata,0,3,5,484.98,2317.2202,768.238,216.5881,249.9082,0.95652,16.5369,0.95663,0,0,216.5881,0.078339
TV43_SRT2.gazedata,1,2,6,483.4199,2267.3708,733.3459,199.938,216.5969,1,0,0.97728,0,0,199.938,0.058751
TV43_SRT2.gazedata,2,3,3,483.2871,2499.926,950.595,400.6538,433.9868,1,0,0.68373,0,1,-1,-1
TV43_SRT2.gazedata,3,2,5,499.9011,2300.219,783.717,217.0342,250.375,1,0,0.95746,0,0,217.0342,0.078864
TV43_SRT2.gazedata,4,4,5,483.446,5350.2168,1482.2151,-1,-1,0.55682,648.7,0.4949,0,1,-1,-1
TV43_SRT2.gazedata,5,4,4,483.426,2533.3398,999.9851,166.6099,483.177,0.98333,16.6692,0.68343,0,1,-1,-1
TV43_SRT2.gazedata,6,2,4,485.1741,8968.175,1485.053,-1,-1,0.97753,16.207,0.40527,0,1,-1,-1
TV43_SRT2.gazedata,7,4,3,485.842,10094.8372,1471.0591,-1,-1,0.13636,1269.198,0.091872,0,1,-1,-1
TV43_SRT2.gazedata,8,2,3,483.366,10539.209,1469.833,-1,-1,0.39773,886.4751,0.38555,0,1,-1,-1
TV43_SRT2.gazedata,9,3,6,482.8718,7673.177,1470.2288,-1,-1,0.045977,1419.8518,0.022687,0,1,-1,-1
TV43_SRT2.gazedata,10,3,4,489.28,6499.8201,1485.2119,-1,-1,0,1485.2119,0,0,1,-1,-1
TV43_SRT2.gazedata,11,4,6,489.8828,3420.4751,1476.9219,-1,-1,0,1476.9219,0,0,1,-1,-1
TV43_SRT3.gazedata,0,2,5,488.251,3082.3889,1483.063,-1,-1,0.10112,1341.062,0.044965,0,1,-1,-1
TV43_SRT3.gazedata,1,3,3,483.3428,2188.147,1466.1348,-1,-1,0.68235,465.064,0.38646,0,1,-1,-1
TV43_SRT3.gazedata,2,3,4,483.561,2332.1799,800.3269,266.7429,283.4299,1,0,0.97915,0,0,266.7429,0.13734
TV43_SRT3.gazedata,3,2,4,484.0549,2371.074,834.1111,300.0488,316.719,0.98,16.665,0.55955,0,1,-1,-1
TV43_SRT3.gazedata,4,4,3,474.582,2291.3899,912.0642,285.918,402.573,0.62264,287.5911,0.7577,0,1,-1,-1
TV43_SRT3.gazedata,5,4,5,483.314,4492.293,1469.8811,-1,-1,0,1469.8811,0,0,1,-1,-1
TV43_SRT3.gazedata,6,2,3,483.084,3247.8979,1480.5798,-1,-1,0.25843,1114.1189,0.21384,0,1,-1,-1
TV43_SRT3.gazedata,7,3,5,482.2358,18726.6389,1469.97,-1,-1,0.034483,1415.8381,1,0,1,-1,-1
TV43_SRT3.gazedata,8,3,6,469.718,10458.24,1469.428,-1,-1,0.39773,849.7151,0.13813,0,1,-1,-1
TV43_SRT3.gazedata,9,4,6,483.3142,3257.582,1476.739,-1,-1,0,1476.739,0,0,1,-1,-1
TV43_SRT3.gazedata,10,4,4,483.3181,6905.0681,1482.783,-1,-1,0.38636,866.198,0.37088,0,1,-1,-1
TV43_SRT3.gazedata,11,2,6,483.314,3133.2078,1483.2739,-1,-1,0,1483.2739,0,0,1,-1,-1
TV48_SRT1.gazedata,0,3,5,483.0781,2732.9219,1266.5142,250.166,750.1121,0.92,99.939,0.60526,0,1,-1,-1
TV48_SRT1.gazedata,1,4,5,491.6812,3322.5881,1477.9041,-1,-1,0.20455,1186.645,0.17453,0,1,-1,-1
TV48_SRT1.gazedata,2,2,3,483.314,2941.7332,1452.397,-1,-1,0.068182,1352.3291,0,0,1,-1,-1
TV48_SRT1.gazedata,3,3,6,483.3538,2374.2791,850.011,316.6499,333.3181,1,0,0.86275,0,0,316.6499,0.19606
TV48_SRT1.gazedata,4,4,4,494.7979,14736.707,1494.0508,-1,-1,0.022472,1457.7058,1,0,1,-1,-1
TV48_SRT1.gazedata,5,2,5,483.3398,2556.772,983.3948,450.061,466.7249,1,0,0.98305,0,0,450.061,0.35301
TV48_SRT1.gazedata,6,3,3,472.6931,4163.7209,1459.3411,-1,-1,0.069767,1359.2361,1,0,1,-1,-1
TV48_SRT1.gazedata,7,4,3,467.2559,2516.04,916.946,383.0811,416.4011,1,0,0.8546,0,0,383.0811,0.27421
TV48_SRT1.gazedata,8,2,4,483.303,2666.2529,1133.481,583.5068,616.8508,1,0,0.97058,0,0,583.5068,0.51001
TV48_SRT1.gazedata,9,3,4,483.2888,2400.137,849.9019,300.0078,333.2769,1,0,0.96086,0,0,300.0078,0.17648
TV48_SRT1.gazedata,10,4,6,483.363,2479.0779,933.207,383.178,416.5039,1,0,0.96429,0,0,383.178,0.27433
TV48_SRT1.gazedata,11,2,6,483.9941,3701.5049,1467.4011,-1,-1,0.42045,501.3921,1,0,1,-1,-1
TV48_SRT2.gazedata,0,4,5,489.928,2533.2441,973.2991,416.5691,449.9111,1,0,0.96574,0,0,416.5691,0.31361
TV48_SRT2.gazedata,1,3,5,483.396,2533.3171,983.3411,449.9451,466.6001,1,0,0.98306,0,0,449.9451,0.35288
TV48_SRT2.gazedata,2,4,3,483.4448,2632.7451,1116.752,566.415,599.9651,1,0,0.96996,0,0,566.415,0.4899
TV48_SRT2.gazedata,3,2,5,483.1069,2716.822,1149.8779,600.115,633.45,1,0,0.97101,0,0,600.115,0.52955
TV48_SRT2.gazedata,4,4,6,483.177,2752.2229,1216.561,666.71,700.043,1,0,0.9726,0,0,666.71,0.60789
TV48_SRT2.gazedata,5,2,6,483.061,2700.0969,1166.323,616.5959,649.928,1,0,0.97142,0,0,616.5959,0.54894
TV48_SRT2.gazedata,6,3,3,483.3059,2532.769,983.282,433.312,466.646,1,0,0.9661,0,0,433.312,0.33331
TV48_SRT2.gazedata,7,2,4,483.438,2449.4312,916.8889,366.7981,400.134,1,0,0.96364,0,0,366.7981,0.25506
TV48_SRT2.gazedata,8,2,3,483.363,2783.155,1216.552,666.5171,699.853,1,0,0.9726,0,0,666.5171,0.60767
TV48_SRT2.gazedata,9,3,6,483.6169,2652.0469,1083.3289,533.0459,566.3718,1,0,0.96924,0,0,533.0459,0.45064
TV48_SRT2.gazedata,10,3,4,483.3481,2465.915,950.0552,416.6592,433.3762,1,0,0.9824,0,0,416.6592,0.31372
TV48_SRT2.gazedata,11,4,4,483.3411,2583.4619,1066.53,533.2,549.8579,1,0,0.98438,0,0,533.2,0.45082
TV48_SRT3.gazedata,0,2,6,486.1711,2633.4241,1119.6812,566.8391,600.1792,0.91176,83.3301,0.97022,0,0,566.8391,0.4904
TV48_SRT3.gazedata,1,3,6,484.5269,2751.2939,1200.689,665.2839,682.834,0.125,783.3069,0.98538,0,1,-1,-1
TV48_SRT3.gazedata,2,4,5,483.385,2716.4822,1149.9951,599.9531,633.2852,1,0,0.97102,0,0,599.9531,0.52936
TV48_SRT3.gazedata,3,2,4,471.4719,2433.4609,871.428,349.9299,366.5959,1,0,0.98088,0,0,349.9299,0.23521
TV48_SRT3.gazedata,4,4,3,483.397,2453.4399,900.052,350.0049,383.3311,1,0,0.96297,0,0,350.0049,0.2353
TV48_SRT3.gazedata,5,3,3,483.3311,2399.999,883.333,333.3079,366.6709,1,0,0.96223,0,0,333.3079,0.21566
TV48_SRT3.gazedata,6,4,4,483.5142,2483.198,950.019,399.8369,433.1599,1,0,0.96492,0,0,399.8369,0.29393
TV48_SRT3.gazedata,7,2,5,483.134,2547.4729,982.959,433.1738,466.5,1,0,0.9661,0,0,433.1738,0.33315
TV48_SRT3.gazedata,8,3,5,483.3169,2683.8149,1133.207,583.2908,616.563,0.97059,15.812,0.97064,0,0,583.2908,0.50975
TV48_SRT3.gazedata,9,2,3,469.032,2466.6689,935.7319,399.9751,433.353,1,0,0.96433,0,0,399.9751,0.29409
TV48_SRT3.gazedata,10,3,4,483.0842,2383.5801,849.9292,300.1851,333.5132,1,0,0.96079,0,0,300.1851,0.17669
TV48_SRT3.gazedata,11,4,6,483.2468,2485.2859,933.1729,383.2561,416.595,1,0,0.96427,0,0,383.2561,0.27442
TV51_SRT1.gazedata,0,3,6,474.5,2279.28,711.6121,186.1519,203.105,1,0,0.97618,0,0,186.1519,0.042532
TV51_SRT1.gazedata,1,4,6,488.7581,2191.5798,1487.0559,-1,-1,0.98851,16.865,0.44306,0,1,-1,-1
TV51_SRT1.gazedata,2,3,3,473.4412,2523.22,1457.8511,-1,-1,0.52326,217.719,0.10299,0,1,-1,-1
TV51_SRT1.gazedata,3,4,3,490.9409,2301.3879,762.114,202.876,237.3789,1,0,0.95473,0,0,202.876,0.062207
TV51_SRT1.gazedata,4,3,5,474.1489,2112.125,1472.292,-1,-1,1,0,0.22995,0,1,-1,-1
TV51_SRT1.gazedata,5,2,5,491.0129,2278.2019,762.5,186.8489,237.3298,1,0,0.9338,0,0,186.8489,0.043352
TV51_SRT1.gazedata,6,2,4,491.1841,9230.384,1491.0872,-1,-1,0.91011,36.0801,0.40762,0,1,-1,-1
TV51_SRT1.gazedata,7,3,4,483.2529,2566.6541,1049.8789,499.968,533.2961,1,0,0.96826,0,0,499.968,0.41173
TV51_SRT1.gazedata,8,2,3,483.575,2433.344,900.1499,350.0171,383.363,1,0,0.75929,0,0,350.0171,0.23531
TV51_SRT1.gazedata,9,4,4,483.407,2550.5671,1000.0371,450.02,483.4001,1,0,0.96662,0,0,450.02,0.35296
TV51_SRT1.gazedata,10,4,5,483.1711,2449.9978,916.4431,366.6118,399.9399,1,0,0.96363,0,0,366.6118,0.25484
TV51_SRT1.gazedata,11,2,6,483.3779,9237.3979,750.208,216.811,233.4771,1,0,0.97778,0,0,216.811,0.078601
TV51_SRT2.gazedata,0,3,3,483.502,2466.6511,900.231,350.04,383.377,1,0,0.84879,0,0,350.04,0.23534
TV51_SRT2.gazedata,1,4,6,483.2261,2950.717,1250.0491,433.3821,733.4971,1,0,0.75992,0,0,433.3821,0.33339
TV51_SRT2.gazedata,2,4,5,491.1331,2416.8379,874.5281,333.3879,350.0591,1,0,0.98094,0,0,333.3879,0.21575
TV51_SRT2.gazedata,3,4,4,483.4602,2449.3301,933.604,400.134,416.812,1,0,0.98214,0,0,400.134,0.29428
TV51_SRT2.gazedata,4,2,3,483.3691,2416.6379,866.7122,316.679,350.011,1,0,0.96154,0,0,316.679,0.19609
TV51_SRT2.gazedata,5,3,5,483.3782,2320.498,783.384,233.343,266.678,1,0,0.95745,0,0,233.343,0.098051
TV51_SRT2.gazedata,6,2,5,483.438,2449.9939,883.3582,349.9189,366.585,1,0,0.98113,0,0,349.9189,0.2352
TV51_SRT2.gazedata,7,2,4,483.4119,2466.9028,900.2549,350.1809,383.5188,1,0,0.96297,0,0,350.1809,0.23551
TV51_SRT2.gazedata,8,3,6,484.0981,3776.301,1466.343,-1,-1,0.18681,1199.0789,0.10265,0,1,-1,-1
TV51_SRT2.gazedata,9,3,4,474.2371,2416.5571,857.5271,316.6301,349.9651,0.96078,17.229,0.96113,0,0,316.6301,0.19604
TV51_SRT2.gazedata,10,2,6,483.313,2417.373,883.3318,333.3679,366.7039,1,0,0.90566,0,0,333.3679,0.21573
TV51_SRT2.gazedata,11,4,3,483.717,2566.6111,1033.6731,483.2861,516.6162,1,0,0.96776,0,0,483.2861,0.3921
TV51_SRT3.gazedata,0,3,4,476.4539,2615.9609,1076.4241,499.9551,566.6292,0.83077,99.9961,0.93806,0,0,499.9551,0.41171
TV51_SRT3.gazedata,1,3,6,483.7029,2433.708,900.3579,366.644,383.311,1,0,0.98149,0,0,366.644,0.25488
TV51_SRT3.gazedata,2,4,6,475.0269,2366.7488,841.6899,316.6658,333.3289,0.98039,0,0.9802,0,0,316.6658,0.19608
TV51_SRT3.gazedata,3,4,4,483.5959,2499.3171,966.7751,433.167,449.8381,1,0,0.98276,0,0,433.167,0.33314
TV51_SRT3.gazedata,4,4,5,483.0869,2584.011,949.707,349.896,433.2222,1,0,0.91226,0,0,349.896,0.23517
TV51_SRT3.gazedata,5,3,3,483.3469,2416.1292,883.3889,333.3782,366.7021,1,0,0.96228,0,0,333.3782,0.21574
TV51_SRT3.gazedata,6,4,3,483.3401,2483.8672,933.199,383.1931,416.5181,1,0,0.96429,0,0,383.1931,0.27434
TV51_SRT3.gazedata,7,2,4,483.5029,2454.1262,933.363,399.8562,416.5271,1,0,0.98214,0,0,399.8562,0.29395
TV51_SRT3.gazedata,8,3,5,472.896,2374.373,797.1711,255.7051,289.0691,0.61702,188.1091,0.88993,0,0,255.7051,0.12436
TV51_SRT3.gazedata,9,2,5,481.731,9545.522,1466.9851,-1,-1,0.10227,517.667,0.80588,1,1,-1,-1
TV51_SRT3.gazedata,10,2,3,483.343,2489.3789,950.0259,400.0049,433.3489,1,0,0.82459,0,0,400.0049,0.29412
TV51_SRT3.gazedata,11,2,6,499.96,2516.665,1016.498,449.875,483.2041,1,0,0.96721,0,0,449.875,0.35279
TV53_SRT1.gazedata,0,3,3,483.3611,2516.5881,966.7749,416.689,450.0229,1,0,0.96552,0,0,416.689,0.31375
TV53_SRT1.gazedata,1,4,5,483.386,2617.2578,1083.322,533.322,566.666,1,0,0.96922,0,0,533.322,0.45097
TV53_SRT1.gazedata,2,4,3,483.1841,2456.3411,916.5339,366.6631,400.0239,1,0,0.9636,0,0,366.6631,0.2549
TV53_SRT1.gazedata,3,2,3,483.4431,2499.8979,933.344,383.2261,416.564,1,0,0.96428,0,0,383.2261,0.27438
TV53_SRT1.gazedata,4,3,5,483.3262,2550.396,1000.0481,450.032,483.3811,1,0,0.96665,0,0,450.032,0.35298
TV53_SRT1.gazedata,5,3,6,483.2749,2533.4099,983.093,433.1709,466.491,1,0,0.96611,0,0,433.1709,0.33314
TV53_SRT1.gazedata,6,2,5,483.5449,2383.4109,833.3689,283.165,316.4919,1,0,0.96001,0,0,283.165,0.15666
TV53_SRT1.gazedata,7,2,4,483.4761,2732.8979,1083.3521,483.3401,566.5391,0.98462,16.5139,0.9232,0,0,483.3401,0.39216
TV53_SRT1.gazedata,8,3,4,483.3699,2532.7991,983.446,433.375,466.7471,1,0,0.96607,0,0,433.375,0.33338
TV53_SRT1.gazedata,9,4,6,483.2131,2250.564,733.157,183.2891,216.6169,1,0,0.95454,0,0,183.2891,0.039164
TV53_SRT1.gazedata,10,4,4,470.8779,2505.698,959.2881,436.8789,454.334,0.57895,184.2051,0.9818,1,1,-1,-1
TV53_SRT1.gazedata,11,2,6,483.1809,2533.8721,999.9209,449.957,483.2869,1,0,0.96667,0,0,449.957,0.35289
TV53_SRT2.gazedata,0,4,5,483.2581,2467.2529,866.7048,316.7869,350.1128,1,0,0.96155,0,0,316.7869,0.19622
TV53_SRT2.gazedata,1,2,3,499.9421,2649.699,999.928,433.3062,466.647,1,0,0.96666,0,0,433.3062,0.3333
TV53_SRT2.gazedata,2,4,6,483.594,6559.7561,1479.917,-1,-1,0.1236,1313.208,0.090123,0,1,-1,-1
TV53_SRT2.gazedata,3,3,5,483.4199,2516.689,1483.3069,-1,-1,0.95455,33.3271,0.41577,0,1,-1,-1
TV53_SRT2.gazedata,4,3,4,483.5488,10293.709,1483.51,-1,-1,0.92135,16.6741,0.31471,0,1,-1,-1
TV53_SRT2.gazedata,5,4,4,483.7051,2583.3391,1017.0771,466.7031,500.0381,1,0,0.96722,0,0,466.7031,0.37259
TV53_SRT2.gazedata,6,3,3,483.4038,6692.637,1477.417,-1,-1,0.64773,424.7949,0.91931,1,1,-1,-1
TV53_SRT2.gazedata,7,4,3,484.3582,2532.9351,1017.7461,433.395,500.0601,0.95082,16.6958,0.9345,0,0,433.395,0.33341
TV53_SRT2.gazedata,8,3,6,483.4561,2483.4248,916.7051,366.7979,400.0239,0.98182,33.2251,0.96375,0,0,366.7979,0.25506
TV53_SRT2.gazedata,9,2,5,485.9631,14257.6169,1485.6792,-1,-1,0.42683,833.1111,0.41685,0,1,-1,-1
TV53_SRT2.gazedata,10,2,6,483.291,2035.5459,1468.6179,-1,-1,0.35632,951.9539,0.30638,0,1,-1,-1
TV53_SRT2.gazedata,11,2,4,487.4861,17468.9419,1472.7849,-1,-1,0.35227,705.136,0.55814,0,1,-1,-1
TV53_SRT3.gazedata,0,4,5,483.1938,2466.9011,933.3699,383.208,416.843,0.875,33.325,0.96396,0,0,383.208,0.27436
TV53_SRT3.gazedata,1,2,6,483.239,2234.1208,1466.1162,-1,-1,0.45977,566.0681,0.44326,0,1,-1,-1
TV53_SRT3.gazedata,2,2,4,483.3381,15077.1221,1466.8511,-1,-1,0.92045,66.7231,0.35223,0,1,-1,-1
TV53_SRT3.gazedata,3,3,5,483.4771,2105.9009,1483.0369,-1,-1,0.59091,282.7839,0.37094,0,1,-1,-1
TV53_SRT3.gazedata,4,4,4,484.9509,9154.718,1481.593,-1,-1,0.24444,1096.7371,0.022522,0,1,-1,-1
TV53_SRT3.gazedata,5,3,6,483.4851,5248.5671,1482.9851,-1,-1,0.7191,148.8831,0.32602,0,1,-1,-1
TV53_SRT3.gazedata,6,4,6,473.1599,3753.364,1457.512,-1,-1,0.61364,202.9309,0.67977,0,1,-1,-1
TV53_SRT3.gazedata,7,2,5,489.6421,2690.759,1097.3601,490.147,573.4441,0.47692,523.916,0.35371,0,1,-1,-1
TV53_SRT3.gazedata,8,3,4,499.936,4726.655,1499.7991,-1,-1,0.78889,100.103,0.43332,0,1,-1,-1
TV53_SRT3.gazedata,9,3,3,483.322,9503.1289,1483.3201,-1,-1,0.34524,950,0.32584,0,1,-1,-1
TV53_SRT3.gazedata,10,2,3,483.3452,2216.5378,1466.7202,-1,-1,0.97701,16.667,0.42045,0,1,-1,-1
TV53_SRT3.gazedata,11,4,3,483.3149,2552.387,1019.3589,469.3831,502.7129,1,0,0.9673,0,0,469.3831,0.37574
TV55_SRT1.gazedata,0,2,6,483.4399,2449.9961,883.447,350.009,366.6741,1,0,0.98114,0,0,350.009,0.2353
TV55_SRT1.gazedata,1,4,4,483.313,3721.009,1483.2419,-1,-1,1,0,0.76407,0,0,1000,1
TV55_SRT1.gazedata,2,3,4,483.312,2717.7139,1166.655,633.3259,649.9829,0.91429,99.991,0.98572,1,1,-1,-1
TV55_SRT1.gazedata,3,4,6,483.165,2616.562,1083.1892,533.366,566.6951,1,0,0.96923,0,0,533.366,0.45102
TV55_SRT1.gazedata,4,2,3,485.0891,2499.552,918.3621,383.2651,399.9351,0.96364,15.791,0.98185,0,0,383.2651,0.27443
TV55_SRT1.gazedata,5,3,5,483.3208,2617.304,1083.418,533.3992,566.7661,1,0,0.9692,0,0,533.3992,0.45106
TV55_SRT1.gazedata,6,4,3,483.2,2432.7539,883.2009,333.283,366.6179,1,0,0.96226,0,0,333.283,0.21563
TV55_SRT1.gazedata,7,2,4,483.396,2466.675,933.447,383.3811,416.7141,1,0,0.96429,0,0,383.3811,0.27457
TV55_SRT1.gazedata,8,3,6,483.3159,2617.3621,1083.0679,549.7642,566.436,1,0,0.98461,0,0,549.7642,0.47031
TV55_SRT1.gazedata,9,4,5,483.269,2499.9929,983.3171,433.3271,466.7031,1,0,0.96606,0,0,433.3271,0.33333
TV55_SRT1.gazedata,10,3,3,483.4819,2449.4849,883.396,333.2898,366.5779,1,0,0.96232,0,0,333.2898,0.21564
TV55_SRT1.gazedata,11,2,5,483.394,2367.1951,850.1721,300.106,333.4512,1,0,0.96078,0,0,300.106,0.1766
TV55_SRT2.gazedata,0,4,4,477.1799,2816.1809,1260.6221,716.7788,750.115,1,0,0.97356,0,0,716.7788,0.6668
TV55_SRT2.gazedata,1,2,5,483.2891,2583.98,1066.7271,516.7209,550.061,1,0,0.96875,0,0,516.7209,0.43144
TV55_SRT2.gazedata,2,3,4,470.749,2449.3259,920.741,383.324,416.6619,1,0,0.96379,0,0,383.324,0.2745
TV55_SRT2.gazedata,3,3,3,483.269,2433.4709,866.8401,316.915,350.291,1,0,0.9615,0,0,316.915,0.19637
TV55_SRT2.gazedata,4,4,5,483.3911,2351.7839,816.595,283.2131,299.876,1,0,0.97959,0,0,283.2131,0.15672
TV55_SRT2.gazedata,5,4,3,474.189,2383.376,857.501,316.6399,349.969,1,0,0.96113,0,0,316.6399,0.19605
TV55_SRT2.gazedata,6,3,5,483.374,2533.991,883.1711,349.9622,366.6211,1,0,0.98114,0,0,349.9622,0.23525
TV55_SRT2.gazedata,7,2,6,483.3889,2466.5779,900.2261,349.979,383.501,1,0,0.96276,0,0,349.979,0.23527
TV55_SRT2.gazedata,8,2,4,481.0972,2799.3901,1480.5181,-1,-1,0.95455,34.8289,0.41502,0,1,-1,-1
TV55_SRT2.gazedata,9,3,6,483.2959,2375.1111,833.2419,299.958,316.6182,1,0,0.98001,0,0,299.958,0.17642
TV55_SRT2.gazedata,10,2,3,486.707,2649.9138,1470.0649,-1,-1,0.96552,17.647,0.42175,0,1,-1,-1
TV55_SRT2.gazedata,11,4,6,483.4441,2367.301,850.0352,300.0022,333.3372,1,0,0.96078,0,0,300.0022,0.17647
TV55_SRT3.gazedata,0,2,5,480.7339,2498.2549,896.1289,361.1479,379.2209,0.27451,625.1289,0.97983,0,1,-1,-1
TV55_SRT3.gazedata,1,3,4,480.2158,2633.542,1081.0249,550.179,566.803,0.19048,448.262,0.98462,0,1,-1,-1
TV55_SRT3.gazedata,2,3,6,483.2869,2400.656,866.4829,333.2129,349.8699,1,0,0.98078,0,0,333.2129,0.21554
TV55_SRT3.gazedata,3,3,3,483.3088,2399.3569,866.7258,333.4141,350.0869,1,0,0.98076,0,0,333.4141,0.21578
TV55_SRT3.gazedata,4,4,6,467.426,2351.0481,800.6609,283.2351,299.8989,1,0,0.97919,0,0,283.2351,0.15675
TV55_SRT3.gazedata,5,4,3,483.322,3182.8691,1466.6831,-1,-1,0.98864,16.665,0.45452,0,1,-1,-1
TV55_SRT3.gazedata,6,2,6,483.2161,2350.5879,800.0691,249.9939,283.333,1,0,0.95833,0,0,249.9939,0.11764
TV55_SRT3.gazedata,7,4,4,483.2178,7914.2241,1468.1648,-1,-1,0.23256,1151.6958,0.17014,0,1,-1,-1
TV55_SRT3.gazedata,8,3,5,483.301,2433.928,866.6511,316.6611,350.0161,1,0,0.96151,0,0,316.6611,0.19607
TV55_SRT3.gazedata,9,2,4,473.1511,2683.332,1122.6191,563.5891,616.1101,0.4697,249.1589,0.95322,1,1,-1,-1
TV55_SRT3.gazedata,10,4,5,483.4109,2333.782,816.699,266.6592,299.9951,1,0,0.95918,0,0,266.6592,0.13725
TV55_SRT3.gazedata,11,2,3,483.155,2316.3601,799.8489,266.699,283.3899,0.8125,100.0159,0.87501,1,1,-1,-1
TV59_SRT1.gazedata,0,4,3,483.251,2482.834,933.1929,383.3381,416.666,1,0,0.96429,0,0,383.3381,0.27452
TV59_SRT1.gazedata,1,3,4,483.2432,2516.926,983.4351,433.5269,466.8689,1,0,0.9661,0,0,433.5269,0.33356
TV59_SRT1.gazedata,2,4,6,483.6851,2524.439,967.0491,416.6958,450.0369,1,0,0.96552,0,0,416.6958,0.31376
TV59_SRT1.gazedata,3,3,5,483.3298,2499.802,950.0168,400.0259,433.3579,1,0,0.96491,0,0,400.0259,0.29415
TV59_SRT1.gazedata,4,3,6,483.3718,2417.0149,883.3311,333.283,366.6201,1,0,0.96226,0,0,333.283,0.21563
TV59_SRT1.gazedata,5,2,3,483.3799,2399.5371,866.8059,333.3491,350.092,1,0,0.98068,0,0,333.3491,0.2157
TV59_SRT1.gazedata,6,2,6,483.303,2819.7341,1250.646,583.5481,734.0181,0.89333,117.125,0.87969,1,1,-1,-1
TV59_SRT1.gazedata,7,4,5,483.262,2666.623,1049.918,499.9971,533.324,1,0,0.96826,0,0,499.9971,0.41176
TV59_SRT1.gazedata,8,4,4,483.2729,2399.636,833.1389,283.24,316.55,1,0,0.96002,0,0,283.24,0.15675
TV59_SRT1.gazedata,9,2,5,483.145,2550.5569,999.854,466.625,483.2849,1,0,0.98334,0,0,466.625,0.3725
TV59_SRT1.gazedata,10,3,3,475.6631,2432.679,892.179,349.938,383.1829,0.96226,16.3821,0.96274,0,0,349.938,0.23522
TV59_SRT1.gazedata,11,2,4,483.2561,2349.9382,849.821,316.5781,333.2441,1,0,0.98039,0,0,316.5781,0.19597
TV59_SRT2.gazedata,0,2,5,490.3721,2403.2551,864.8679,321.9399,339.835,0.28,646.3298,0.97931,0,1,-1,-1
TV59_SRT2.gazedata,1,3,6,483.354,2433.27,866.675,316.6719,350.0029,1,0,0.96154,0,0,316.6719,0.19608
TV59_SRT2.gazedata,2,4,3,483.509,2449.2109,900.4448,366.9089,383.5869,1,0,0.98148,0,0,366.9089,0.25519
TV59_SRT2.gazedata,3,4,4,483.4541,2383.2791,833.4771,283.2019,316.543,0.98,15.2461,0.96,0,0,283.2019,0.15671
TV59_SRT2.gazedata,4,2,4,483.322,2350.188,800.0811,250.1079,283.439,1,0,0.95834,0,0,250.1079,0.11777
TV59_SRT2.gazedata,5,3,4,483.4189,2333.1812,816.7761,266.6812,300.0222,1,0,0.95918,0,0,266.6812,0.13727
TV59_SRT2.gazedata,6,3,5,488.1279,30681.8118,1471.6101,-1,-1,0.13636,1284.0542,0.082136,0,1,-1,-1
TV59_SRT2.gazedata,7,2,6,483.9128,2333.1848,783.926,233.3508,266.676,1,0,0.95749,0,0,233.3508,0.09806
TV59_SRT2.gazedata,8,4,5,483.345,2366.269,833.4719,283.468,316.7981,1,0,0.96001,0,0,283.468,0.15702
TV59_SRT2.gazedata,9,3,3,476.8469,2279.728,739.1479,210.501,228.969,0.31915,477.0288,0.97501,0,1,-1,-1
TV59_SRT2.gazedata,10,2,3,483.2371,2307.76,783.0381,233.1421,266.457,1,0,0.95745,0,0,233.1421,0.097814
TV59_SRT2.gazedata,11,4,6,471.616,2335.0508,777.6899,256.1128,272.7119,0.95652,34.259,0.97866,0,0,256.1128,0.12484
TV59_SRT3.gazedata,0,3,6,483.126,2783.1931,1482.457,-1,-1,1,0,0.40458,0,1,-1,-1
TV59_SRT3.gazedata,1,3,3,483.23,2299.4028,766.5669,216.6709,250.0059,1,0,0.95651,0,0,216.6709,0.078436
TV59_SRT3.gazedata,2,4,5,483.387,2367.3328,833.2881,283.1938,316.5659,1,0,0.95995,0,0,283.1938,0.1567
TV59_SRT3.gazedata,3,2,5,483.3159,2349.894,816.531,266.5569,299.8889,1,0,0.95918,0,0,266.5569,0.13713
TV59_SRT3.gazedata,4,4,6,485.7451,9913.3362,1478.7351,-1,-1,0.20455,1176.2942,0.19326,0,1,-1,-1
TV59_SRT3.gazedata,5,4,4,499.9138,2299.394,766.5688,216.6052,233.2681,1,0,0.97826,0,0,216.6052,0.078359
TV59_SRT3.gazedata,6,2,3,483.1968,2350.408,816.6758,266.824,300.1589,1,0,0.95918,0,0,266.824,0.13744
TV59_SRT3.gazedata,7,3,5,478.0601,13431.1531,1477.887,-1,-1,0.085106,1361.2019,1,0,1,-1,-1
TV59_SRT3.gazedata,8,4,3,481.781,8328.804,1466.1689,-1,-1,0.078431,1213.532,0,0,1,-1,-1
TV59_SRT3.gazedata,9,2,4,483.4639,2384.1489,803.5269,281.168,286.1719,0.94,16.666,0.55803,0,1,-1,-1
TV59_SRT3.gazedata,10,2,6,483.314,4116.502,1483.2742,-1,-1,0,1483.2742,0,0,1,-1,-1
TV59_SRT3.gazedata,11,3,4,483.322,2299.3499,766.5601,216.626,249.959,1,0,0.95652,0,0,216.626,0.078384
