filename,trial number,condition,target,face up,target up,analysis perioid len,last time in center aoi,first time in side aoi,valid gaze c %,longest non-valid combined,% inside center aoi bef disengagement,aoi border violation ,technical error,combination,csaccpindex,all time center
TV10_Face1.gazedata,0,happy.bmp,4,1000.0042,2982.812,1299.9932,266.6602,283.3262,1,0,0.98718,0,0,266.6602,0.13725,0.8334
TV10_Face1.gazedata,1,fearful.bmp,5,1000.1211,2968.9438,1566.6902,533.2769,549.957,1,0,0.98935,0,0,533.2769,0.45091,0.76955
TV10_Face1.gazedata,2,control.bmp,5,999.9041,2982.938,1883,849.7739,866.4338,1,0,0.99115,0,0,849.7739,0.82326,0.64168
TV10_Face1.gazedata,3,happy.bmp,4,1000.0498,2965.9988,1349.9468,316.5098,333.1758,1,0,0.98765,0,0,316.5098,0.19589,0.84944
TV10_Face1.gazedata,4,neutral.bmp,4,1000.0129,2970.1992,1633.303,599.9612,616.6311,1,0,0.98979,0,0,599.9612,0.52937,0.81187
TV10_Face1.gazedata,5,neutral.bmp,4,1000.0569,2966.6072,1300.02,266.645,283.3062,1,0,0.98718,0,0,266.645,0.13723,0.57746
TV10_Face1.gazedata,6,neutral.bmp,5,1000.1619,2966.415,1516.6648,483.1641,499.8269,0.94565,16.6729,0.82431,0,0,483.1641,0.39196,0.58582
TV10_Face1.gazedata,7,control.bmp,4,1001.364,2968.491,1518.1379,483.4441,500.113,0.72826,333.99,0.98902,0,1,-1,-1,0.5648
TV10_Face1.gazedata,8,control.bmp,4,1000.4441,2972.0151,1783.771,749.998,766.6641,0.88889,16.678,0.53288,0,1,-1,-1,0.24664
TV10_Face1.gazedata,9,neutral.bmp,5,999.875,2983.2739,1333.249,300.011,316.7209,1,0,0.98747,0,0,300.011,0.17648,0.85831
TV10_Face1.gazedata,10,fearful.bmp,4,1000.2981,2966.5261,1350.0291,316.394,333.0562,1,0,0.98766,0,0,316.394,0.19576,0.54809
TV10_Face1.gazedata,11,control.bmp,5,1001.1111,2964.73,1995.9651,-1,-1,0.42857,1161.417,0.39308,0,1,-1,-1,0.197
TV10_Face1.gazedata,12,fearful.bmp,4,1003.7441,2976.124,1270.375,233.25,249.916,0.97436,16.667,0.98688,0,0,233.25,0.097941,0.53891
TV10_Face1.gazedata,13,happy.bmp,5,1000.0591,2960.6499,2000.0339,-1,-1,0.8595,33.2939,0.19168,0,1,-1,-1,0.23905
TV10_Face1.gazedata,14,happy.bmp,5,1002.8772,2978.27,1638.6292,602.4429,619.105,1,0,0.98983,0,0,602.4429,0.53229,0.40572
TV10_Face1.gazedata,15,fearful.bmp,5,989.825,2888.231,1988.325,-1,-1,0.5678,417.562,1,0,1,-1,-1,1
TV10_Face2.gazedata,0,fearful.bmp,5,999.97,2961.439,1616.8369,583.5359,600.2048,1,0,0.98969,0,0,583.5359,0.51004,0.88646
TV10_Face2.gazedata,1,fearful.bmp,5,1000.396,2966.4402,1333.4861,299.769,316.4331,1,0,0.9875,0,0,299.769,0.1762,0.85344
TV10_Face2.gazedata,2,neutral.bmp,5,999.9609,2998.1169,1983.313,-1,-1,1,0,1,0,0,1000,1,1
TV10_Face2.gazedata,3,control.bmp,5,998.4949,2974.9431,1985.644,-1,-1,0,1985.644,0,0,1,-1,-1,0
TV10_Face2.gazedata,4,fearful.bmp,4,1002.7461,2966.6128,1302.729,266.7048,283.3599,1,0,0.98722,0,0,266.7048,0.1373,0.74077
TV10_Face2.gazedata,5,neutral.bmp,4,999.9412,2966.814,1316.7571,283.481,300.145,1,0,0.98734,0,0,283.481,0.15704,0.85356
TV10_Face2.gazedata,6,happy.bmp,4,999.8511,2966.8711,1983.4351,-1,-1,1,0,1,0,0,1000,1,0.8409
TV10_Face2.gazedata,7,neutral.bmp,4,1000.0181,2978.9832,1316.6909,283.3662,300.0381,1,0,0.98734,0,0,283.3662,0.1569,0.58413
TV10_Face2.gazedata,8,happy.bmp,5,1007.4399,2956.127,1991.604,-1,-1,0.016129,1058.501,1,0,1,-1,-1,1
TV10_Face2.gazedata,9,neutral.bmp,5,310.595,1222.0542,1300.9211,-1,-1,0,1300.9211,0,0,1,-1,-1,0
TV10_Face2.gazedata,10,control.bmp,4,18.1611,456.9009,492.0801,-1,-1,0.31034,247.53,1,0,1,-1,-1,1
TV10_Face2.gazedata,11,control.bmp,4,718.2988,798.7349,1533.5178,-1,-1,0,1533.5178,0,0,1,-1,-1,0
TV10_Face2.gazedata,12,fearful.bmp,4,132.8779,667.6589,817.2988,-1,-1,0.2,649.7148,1,0,1,-1,-1,1
TV10_Face2.gazedata,13,happy.bmp,5,1000.1199,2206.99,1985.7561,-1,-1,0.75833,484.8242,1,0,1,-1,-1,1
TV10_Face2.gazedata,14,happy.bmp,4,266.656,766.636,1049.958,-1,-1,0,1049.958,0,0,1,-1,-1,0
TV10_Face2.gazedata,15,control.bmp,5,83.3298,166.6602,266.656,-1,-1,0,266.656,0,0,1,-1,-1,0
TV19_Face1.gazedata,0,fearful.bmp,4,999.9758,2983.2349,1999.969,-1,-1,1,0,1,0,0,1000,1,1
TV19_Face1.gazedata,1,happy.bmp,5,1000.1189,2967.2751,1383.3909,349.9321,366.5959,1,0,0.98795,0,0,349.9321,0.23521,0.84923
TV19_Face1.gazedata,2,fearful.bmp,4,999.9912,2982.9819,1466.874,433.54,450.2048,1,0,0.98864,0,0,433.54,0.33358,0.89597
TV19_Face1.gazedata,3,neutral.bmp,5,999.9458,2983.9399,1516.6228,483.3411,500.0149,1,0,0.98901,0,0,483.3411,0.39217,0.83735
TV19_Face1.gazedata,4,happy.bmp,5,999.938,2983.3711,1483.241,449.978,466.635,1,0,0.98877,0,0,449.978,0.35292,0.82914
TV19_Face1.gazedata,5,happy.bmp,4,1000.0242,2966.1108,1499.78,466.4771,483.1399,1,0,0.98889,0,0,466.4771,0.37233,0.91641
TV19_Face1.gazedata,6,control.bmp,4,999.949,2983.3591,1566.5259,533.2871,549.9509,1,0,0.98936,0,0,533.2871,0.45093,0.92501
TV19_Face1.gazedata,7,fearful.bmp,5,1000.0288,2967.0911,1433.2649,399.9221,416.584,1,0,0.98837,0,0,399.9221,0.29403,0.90363
TV19_Face1.gazedata,8,happy.bmp,4,1000.064,2982.5769,1399.8682,366.5139,383.1321,1,0,0.98813,0,0,366.5139,0.25472,0.96668
TV19_Face1.gazedata,9,neutral.bmp,5,1000.085,2966.7988,1999.959,-1,-1,1,0,1,0,0,1000,1,1
TV19_Face1.gazedata,10,neutral.bmp,4,1000.084,2983.387,1983.4451,-1,-1,1,0,1,0,0,1000,1,0.89165
TV19_Face1.gazedata,11,control.bmp,5,999.9102,2983.9561,1416.4761,383.239,399.9021,1,0,0.98824,0,0,383.239,0.2744,0.89564
TV19_Face1.gazedata,12,control.bmp,5,999.936,2968.197,1299.9731,266.7141,283.3792,1,0,0.98718,0,0,266.7141,0.13731,0.82398
TV19_Face1.gazedata,13,fearful.bmp,5,1000.1731,2966.533,1999.824,-1,-1,1,0,1,0,0,1000,1,1
TV19_Face1.gazedata,14,control.bmp,4,999.8779,2982.6082,1516.0339,482.8291,499.4861,0.98913,16.6741,0.98901,1,1,-1,-1,0.78748
TV19_Face1.gazedata,15,neutral.bmp,4,999.895,2949.8931,1299.8979,266.6609,283.3369,1,0,0.98717,0,0,266.6609,0.13725,0.91597
TV19_Face2.gazedata,0,control.bmp,4,1000.0269,2966.0039,1499.8499,466.498,483.157,1,0,0.98889,0,0,466.498,0.37235,0.83687
TV19_Face2.gazedata,1,control.bmp,5,999.907,2967.2749,1283.311,250.1208,266.7839,1,0,0.98702,0,0,250.1208,0.11779,0.86612
TV19_Face2.gazedata,2,neutral.bmp,4,1000.041,2982.79,1433.375,400.0049,416.6709,1,0,0.98837,0,0,400.0049,0.29412,0.93346
TV19_Face2.gazedata,3,neutral.bmp,5,1000.0979,2983.7532,1466.8208,433.3721,450.042,1,0,0.98864,0,0,433.3721,0.33338,0.8211
TV19_Face2.gazedata,4,happy.bmp,5,999.9771,2966.7729,1333.3721,300.05,316.728,1,0,0.98749,0,0,300.05,0.17653,0.88705
TV19_Face2.gazedata,5,control.bmp,5,1000.021,2966.687,1716.604,683.2202,699.8831,1,0,0.99029,0,0,683.2202,0.62732,0.92503
TV19_Face2.gazedata,6,happy.bmp,4,999.8682,2966.2729,1366.6211,333.47,350.135,1,0,0.98781,0,0,333.47,0.21585,0.96652
TV19_Face2.gazedata,7,fearful.bmp,4,999.917,3000.032,1983.3809,-1,-1,1,0,1,0,0,1000,1,1
TV19_Face2.gazedata,8,fearful.bmp,4,983.2551,2983.2981,1966.678,-1,-1,1,0,1,0,0,1000,1,1
TV19_Face2.gazedata,9,fearful.bmp,5,999.9749,2966.5498,1999.864,-1,-1,1,0,1,0,0,1000,1,1
TV19_Face2.gazedata,10,neutral.bmp,5,999.5679,2983.561,1983.259,-1,-1,1,0,1,0,0,1000,1,1
TV19_Face2.gazedata,11,control.bmp,4,1000.0969,2966.7551,2000.0239,-1,-1,1,0,1,0,0,1000,1,1
TV19_Face2.gazedata,12,happy.bmp,4,999.9009,2966.7229,1999.885,-1,-1,1,0,1,0,0,1000,1,1
TV19_Face2.gazedata,13,happy.bmp,5,999.9851,2966.7002,1983.407,-1,-1,1,0,1,0,0,1000,1,1
TV19_Face2.gazedata,14,fearful.bmp,5,999.9521,2983.177,1999.855,-1,-1,1,0,1,0,0,1000,1,1
TV19_Face2.gazedata,15,neutral.bmp,4,1000.0029,2966.7742,1983.4519,-1,-1,1,0,1,0,0,1000,1,1
TV20_Face1.gazedata,0,fearful.bmp,5,1000.177,2983.2961,1633.3162,599.813,616.4731,1,0,0.9898,0,0,599.813,0.52919,0.69163
TV20_Face1.gazedata,1,neutral.bmp,5,999.9509,2970.25,1333.3389,300.0549,316.7239,1,0,0.9875,0,0,300.0549,0.17654,0.57634
TV20_Face1.gazedata,2,neutral.bmp,4,1001.1641,2983.3601,2001.0979,-1,-1,0.81967,244.4031,1,0,1,-1,-1,0.67919
TV20_Face1.gazedata,3,happy.bmp,5,999.9089,2983.584,1549.905,516.7339,533.332,1,0,0.98929,0,0,516.7339,0.43145,0.70822
TV20_Face1.gazedata,4,control.bmp,4,1009.7351,2972.7959,1609.7791,566.7139,583.3789,0.84536,188.5129,0.98965,0,0,566.7139,0.49025,0.80261
TV20_Face1.gazedata,5,fearful.bmp,4,1000.0178,2977.887,1983.4038,-1,-1,1,0,1,0,0,1000,1,0.69257
TV20_Face1.gazedata,6,happy.bmp,5,1000.0259,2967.9399,2008.5081,988.8579,991.8081,0.44262,1105.4949,0.99853,0,1,-1,-1,0.82946
TV20_Face1.gazedata,7,neutral.bmp,5,1000.1292,2966.5549,1416.6501,383.2,399.853,1,0,0.98824,0,0,383.2,0.27435,0.78242
TV20_Face1.gazedata,8,fearful.bmp,4,1000.0181,2976.3889,1999.863,-1,-1,1,0,1,0,0,1000,1,1
TV20_Face1.gazedata,9,fearful.bmp,5,1000.313,2983.8301,1450.2229,416.6499,433.3149,1,0,0.98851,0,0,416.6499,0.31371,0.69575
TV20_Face1.gazedata,10,happy.bmp,4,983.4639,2968.845,1200.0229,183.2231,199.8901,1,0,0.98611,0,0,183.2231,0.039086,0.29815
TV20_Face1.gazedata,11,control.bmp,5,1000.103,2967.105,1433.4861,400.0291,416.7161,1,0,0.023241,0,1,-1,-1,0.0083628
TV20_Face1.gazedata,12,happy.bmp,4,998.4248,2986.5571,1983.5198,-1,-1,0,1983.5198,1,0,1,-1,-1,1
TV20_Face1.gazedata,13,neutral.bmp,4,1000.2268,2983.2778,2000.157,-1,-1,1,0,1,0,0,1000,1,1
TV20_Face1.gazedata,14,control.bmp,4,1011.6621,2970.887,1511.5029,466.4651,483.125,0.76667,225.7661,0.98898,0,1,-1,-1,0.91654
TV20_Face1.gazedata,15,control.bmp,5,990.978,2953.4719,1974.9221,-1,-1,0.017699,1551.4412,0.20561,0,1,-1,-1,0.10251
TV20_Face2.gazedata,0,control.bmp,4,1000.0139,2990.4629,1400.116,366.7029,383.3679,0.82353,33.3408,0.9881,0,0,366.7029,0.25494,0.5865
TV20_Face2.gazedata,1,fearful.bmp,5,1000.0049,2974.1589,1989.679,-1,-1,0.75207,456.3799,0.76225,1,1,-1,-1,0.74357
TV20_Face2.gazedata,2,happy.bmp,5,999.877,2984.626,1666.7339,633.4968,650.1919,0.92079,33.301,0.98998,1,1,-1,-1,0.73754
TV20_Face2.gazedata,3,neutral.bmp,5,1000.2539,2984.345,1984.678,-1,-1,0.60833,651.1001,0.66354,1,1,-1,-1,0.32912
TV20_Face2.gazedata,4,neutral.bmp,5,984.6228,2957.8599,1976.97,-1,-1,0,1976.97,1,0,1,-1,-1,1
TV20_Face2.gazedata,5,control.bmp,5,1000.2751,2982.105,1993.3521,-1,-1,0,1993.3521,1,0,1,-1,-1,1
TV20_Face2.gazedata,6,fearful.bmp,4,1005.7148,2959.051,2005.624,-1,-1,0.80165,183.74,1,0,0,1000,1,0.61262
TV20_Face2.gazedata,7,neutral.bmp,4,1000.8159,2986.168,1987.022,-1,-1,0.51667,653.1511,1,0,1,-1,-1,1
TV20_Face2.gazedata,8,neutral.bmp,4,899.198,2965.782,1896.9202,-1,-1,0,1896.9202,0,0,1,-1,-1,0
TV20_Face2.gazedata,9,happy.bmp,4,1000.8179,2984.0339,2000.7629,-1,-1,0.525,883.2891,1,0,1,-1,-1,1
TV20_Face2.gazedata,10,happy.bmp,4,999.6731,2978.2109,1983.5361,-1,-1,0.51261,983.863,1,0,1,-1,-1,1
TV20_Face2.gazedata,11,fearful.bmp,5,1000.0369,2977.4238,1990.0859,-1,-1,0.0084034,1990.0859,1,0,1,-1,-1,0.66925
TV20_Face2.gazedata,12,fearful.bmp,4,999.8831,2993.064,1983.219,-1,-1,1,0,1,0,0,1000,1,1
TV20_Face2.gazedata,13,happy.bmp,5,1005.1318,2967.2759,1423.1318,383.886,400.5469,0.31395,870.603,0.88289,1,1,-1,-1,0.31492
TV20_Face2.gazedata,14,control.bmp,4,987.437,2965.4189,1972.9861,-1,-1,0.10084,1738.8281,1,0,1,-1,-1,1
TV20_Face2.gazedata,15,control.bmp,5,997.6272,2977.2971,1989.563,-1,-1,0,1989.563,0,0,1,-1,-1,0
TV32_Face1.gazedata,0,happy.bmp,5,1006.136,2955.311,1382.531,340.0281,358.373,0.30488,199.1089,0.98673,0,0,340.0281,0.22356,0.55101
TV32_Face1.gazedata,1,control.bmp,5,1007.7129,2979.261,1326.1599,283.7751,301.7729,0.87342,174.0972,0.98643,0,0,283.7751,0.15738,0.45996
TV32_Face1.gazedata,2,fearful.bmp,5,999.9829,2966.4932,1549.8838,516.585,533.231,1,0,0.98926,0,0,516.585,0.43128,0.85773
TV32_Face1.gazedata,3,happy.bmp,4,983.4922,2965.1421,1500.0442,466.552,483.2131,1,0,0.98889,0,0,466.552,0.37241,0.37252
TV32_Face1.gazedata,4,fearful.bmp,4,999.9802,2982.885,1399.9731,366.677,383.3459,1,0,0.98809,0,0,366.677,0.25491,0.71677
TV32_Face1.gazedata,5,happy.bmp,5,1000.1409,2983.3931,1416.7048,383.406,399.8899,1,0,0.98836,0,0,383.406,0.2746,0.82918
TV32_Face1.gazedata,6,neutral.bmp,5,1000.0249,2983.2949,1550.125,516.78,533.4331,1,0,0.98926,0,0,516.78,0.43151,0.7125
TV32_Face1.gazedata,7,happy.bmp,4,999.9619,2966.802,1483.2019,449.908,466.5759,1,0,0.98876,0,0,449.908,0.35283,0.63585
TV32_Face1.gazedata,8,neutral.bmp,4,999.916,2983.427,1366.55,333.3088,349.969,0.96386,16.6809,0.75602,0,0,333.3088,0.21566,0.28328
TV32_Face1.gazedata,9,control.bmp,4,1016.489,2972.042,1299.782,249.9861,266.626,1,0,0.9872,0,0,249.9861,0.11763,0.58264
TV32_Face1.gazedata,10,neutral.bmp,5,984.2139,3000.1091,1434.0879,416.51,433.207,0.93103,16.188,0.98836,0,0,416.51,0.31354,0.87083
TV32_Face1.gazedata,11,control.bmp,4,1000.1431,2982.001,1383.363,349.876,366.543,0.9881,16.667,0.98795,0,0,349.876,0.23515,0.69187
TV32_Face1.gazedata,12,neutral.bmp,4,999.5869,2966.582,1399.51,366.5891,383.2532,0.89412,16.6699,0.77404,0,0,366.5891,0.25481,0.76159
TV32_Face1.gazedata,13,fearful.bmp,4,1000.2849,2986.2031,1670.3411,635.896,653.3901,0.098039,1233.7671,0.24103,1,1,-1,-1,0.39694
TV32_Face1.gazedata,14,control.bmp,5,1000.0469,2991.9011,1383.427,349.9932,366.6602,1,0,0.98795,0,0,349.9932,0.23529,0.81694
TV32_Face1.gazedata,15,fearful.bmp,5,1000.0369,2966.4348,1499.8799,466.4409,483.0889,1,0,0.9889,0,0,466.4409,0.37228,0.57327
TV32_Face2.gazedata,0,happy.bmp,5,1000.0261,2983.8459,1483.3811,450.0249,466.6899,1,0,0.98877,0,0,450.0249,0.35297,0.62077
TV32_Face2.gazedata,1,happy.bmp,5,1000.1099,2970.4978,1466.572,433.1348,449.802,1,0,0.98864,0,0,433.1348,0.3331,0.36815
TV32_Face2.gazedata,2,neutral.bmp,5,999.8979,2983.457,1983.313,-1,-1,1,0,1,0,0,1000,1,0.89997
TV32_Face2.gazedata,3,neutral.bmp,4,995.627,2991.1431,1446.5698,416.7642,434.272,0.3908,184.4729,0.9879,1,1,-1,-1,0.56927
TV32_Face2.gazedata,4,control.bmp,5,1000.0298,2967.1958,1416.5359,383.157,399.8279,1,0,0.98823,0,0,383.157,0.2743,0.81997
TV32_Face2.gazedata,5,neutral.bmp,5,997.53,2986.1001,1981.011,-1,-1,0.95798,16.968,0.76562,0,0,1000,1,0.54161
TV32_Face2.gazedata,6,fearful.bmp,4,1010.6821,2983.4321,1494.0991,450.0981,466.7581,0.7,183.175,0.59126,0,1,-1,-1,0.66074
TV32_Face2.gazedata,7,fearful.bmp,5,999.8669,2958.6538,1983.314,-1,-1,1,0,1,0,0,1000,1,0.58695
TV32_Face2.gazedata,8,control.bmp,5,999.9971,2983.938,1333.3091,299.9832,316.6431,0.96296,33.325,0.76247,0,0,299.9832,0.17645,0.60406
TV32_Face2.gazedata,9,happy.bmp,4,999.8708,2966.6292,1999.825,-1,-1,0.99174,16.6511,1,0,0,1000,1,1
TV32_Face2.gazedata,10,fearful.bmp,4,1000.146,2966.6121,1566.762,533.2161,549.949,1,0,0.98932,0,0,533.2161,0.45084,0.87863
TV32_Face2.gazedata,11,neutral.bmp,4,1000.054,2966.635,1999.9609,-1,-1,1,0,1,0,0,1000,1,1
TV32_Face2.gazedata,12,fearful.bmp,5,999.97,3000.0532,1983.3101,-1,-1,1,0,1,0,0,1000,1,1
TV32_Face2.gazedata,13,control.bmp,4,1000.064,2967.1812,1333.4329,299.9902,316.696,1,0,0.98747,0,0,299.9902,0.17646,0.56895
TV32_Face2.gazedata,14,control.bmp,4,999.9529,2959.7791,1583.583,550.2891,566.9661,1,0,0.98947,0,0,550.2891,0.47093,0.60142
TV32_Face2.gazedata,15,happy.bmp,4,1003.0149,2949.9041,1986.4229,-1,-1,1,0,1,0,0,1000,1,1
TV42_Face1.gazedata,0,neutral.bmp,5,1000.0549,2983.5549,2000.041,-1,-1,0.87603,166.72,1,0,0,1000,1,0.97917
TV42_Face1.gazedata,1,fearful.bmp,4,999.843,2966.6072,1583.1909,550.012,566.687,1,0,0.98947,0,0,550.012,0.4706,0.7532
TV42_Face1.gazedata,2,neutral.bmp,4,1000.0461,2954.228,1888.02,854.6489,871.3198,0.48696,879.6731,0.99117,0,1,-1,-1,0.79858
TV42_Face1.gazedata,3,neutral.bmp,5,1000.0901,2966.9619,1466.583,416.4761,433.1389,1,0,0.98864,0,0,416.4761,0.3135,0.86648
TV42_Face1.gazedata,4,control.bmp,5,1000.106,2985.865,1400.1311,366.644,383.311,1,0,0.9881,0,0,366.644,0.25488,0.69636
TV42_Face1.gazedata,5,control.bmp,4,999.9192,2967.5579,1416.6072,383.355,400.022,1,0,0.98823,0,0,383.355,0.27454,0.47271
TV42_Face1.gazedata,6,happy.bmp,5,1000.0269,2966.4211,1999.8489,-1,-1,1,0,1,0,0,1000,1,1
TV42_Face1.gazedata,7,happy.bmp,4,1000.0659,2966.6641,1883.4709,516.498,866.6899,0.87719,216.6331,0.81407,1,1,-1,-1,0.87862
TV42_Face1.gazedata,8,neutral.bmp,4,999.9751,2983.8662,1383.3511,350.041,366.7102,1,0,0.98795,0,0,350.041,0.23534,0.85829
TV42_Face1.gazedata,9,control.bmp,4,999.9099,2984.5542,1366.8459,334.019,350.6812,0.6988,349.229,0.72012,0,1,-1,-1,0.54595
TV42_Face1.gazedata,10,happy.bmp,5,1000.092,2966.552,1999.9451,-1,-1,1,0,1,0,0,1000,1,1
TV42_Face1.gazedata,11,happy.bmp,4,1004.082,2982.717,1337.4221,300.0151,316.6812,0.9875,0,0.98754,0,0,300.0151,0.17649,0.90022
TV42_Face1.gazedata,12,fearful.bmp,5,1000.353,2983.5132,2000.2971,-1,-1,1,0,1,0,0,1000,1,1
TV42_Face1.gazedata,13,fearful.bmp,4,999.8479,2971.196,1366.8169,333.647,350.303,0.63855,232.603,0.98781,1,1,-1,-1,0.87028
TV42_Face1.gazedata,14,control.bmp,5,1000.021,2983.9871,1350.0891,316.655,333.322,0.71951,316.3149,0.98765,0,1,-1,-1,0.48746
TV42_Face1.gazedata,15,fearful.bmp,5,1000.199,2966.491,2000.0969,-1,-1,0.99174,16.6692,1,0,0,1000,1,1
TV42_Face2.gazedata,0,fearful.bmp,5,1000.0549,2966.9539,1983.467,-1,-1,0.925,133.2278,0.7815,0,0,1000,1,0.89121
TV42_Face2.gazedata,1,neutral.bmp,4,1001.062,2975.7729,1984.5969,-1,-1,0.64516,331.217,1,0,1,-1,-1,1
TV42_Face2.gazedata,2,happy.bmp,4,999.9829,2966.082,1333.27,300.001,316.6631,1,0,0.9875,0,0,300.001,0.17647,0.88297
TV42_Face2.gazedata,3,neutral.bmp,4,999.948,2983.4939,1999.7122,-1,-1,1,0,1,0,0,1000,1,0.90813
TV42_Face2.gazedata,4,fearful.bmp,5,999.938,2967.5059,1349.9531,316.7219,333.394,1,0,0.98765,0,0,316.7219,0.19614,0.8702
TV42_Face2.gazedata,5,control.bmp,4,999.9561,2966.6492,1450.103,416.7661,433.4751,1,0,0.7356,0,0,416.7661,0.31384,0.70709
TV42_Face2.gazedata,6,control.bmp,4,999.8569,2983.177,1999.814,-1,-1,0.85124,299.9321,1,0,1,-1,-1,0.65009
TV42_Face2.gazedata,7,happy.bmp,5,1000.123,2967.261,1983.988,-1,-1,0.76667,399.3459,1,0,1,-1,-1,1
TV42_Face2.gazedata,8,fearful.bmp,4,999.978,2966.2871,1416.6589,383.3582,400.0161,1,0,0.98824,0,0,383.3582,0.27454,0.8746
TV42_Face2.gazedata,9,control.bmp,5,999.8059,2952.5901,1982.8269,-1,-1,0.81513,349.4038,0.98317,1,1,-1,-1,0.92398
TV42_Face2.gazedata,10,happy.bmp,4,1000.0781,2970.7961,1983.469,-1,-1,1,0,1,0,0,1000,1,1
TV42_Face2.gazedata,11,neutral.bmp,5,999.8979,2970.9509,1999.469,-1,-1,1,0,1,0,0,1000,1,1
TV42_Face2.gazedata,12,control.bmp,5,1004.8699,2974.4729,1330.4729,291.0471,307.699,0.41026,222.7332,0.20647,0,1,-1,-1,0.34386
TV42_Face2.gazedata,13,happy.bmp,5,999.5959,2967.073,1983.366,-1,-1,0.79167,349.2249,1,0,1,-1,-1,1
TV42_Face2.gazedata,14,fearful.bmp,4,1000.0212,2966.3252,1998.5261,-1,-1,0.81818,348.3311,0.98333,1,1,-1,-1,0.94963
TV42_Face2.gazedata,15,neutral.bmp,5,1000.1179,2950.6641,1999.843,-1,-1,0.99174,16.665,1,0,0,1000,1,1
TV45_Face1.gazedata,0,fearful.bmp,4,1006.3701,2981.7349,2001.134,-1,-1,0.26957,215.3042,1,0,1,-1,-1,0.82322
TV45_Face1.gazedata,1,fearful.bmp,5,1000.1201,2983.563,1666.7842,633.314,649.98,1,0,0.99,0,0,633.314,0.5686,0.81239
TV45_Face1.gazedata,2,control.bmp,5,1000.196,2966.6541,1566.9312,533.3992,550.0662,1,0,0.98936,0,0,533.3992,0.45106,0.80755
TV45_Face1.gazedata,3,neutral.bmp,5,1000.0471,2973.917,1633.4351,600.0161,616.7231,1,0,0.98977,0,0,600.0161,0.52943,0.84138
TV45_Face1.gazedata,4,happy.bmp,5,998.084,2984.0352,1981.4509,-1,-1,0.9916,0,1,0,0,1000,1,0.91626
TV45_Face1.gazedata,5,control.bmp,4,1000.2671,2982.9241,1988.6941,-1,-1,0,1988.6941,0,0,1,-1,-1,0
TV45_Face1.gazedata,6,neutral.bmp,5,983.522,2964.927,1966.8792,-1,-1,1,0,1,0,0,1000,1,1
TV45_Face1.gazedata,7,fearful.bmp,4,1001.4631,2974.3779,1984.811,-1,-1,0.75833,265.637,1,0,1,-1,-1,1
TV45_Face1.gazedata,8,happy.bmp,5,991.509,2968.1448,1441.4331,416.594,433.2649,0.57778,383.855,0.98843,0,1,-1,-1,0.79043
TV45_Face1.gazedata,9,neutral.bmp,4,998.2451,2983.1589,1981.614,-1,-1,0.78333,377.4961,1,0,1,-1,-1,0.96665
TV45_Face1.gazedata,10,control.bmp,4,1000.1599,2965.8181,1466.7749,433.2939,449.959,1,0,0.98864,0,0,433.2939,0.33329,0.84949
TV45_Face1.gazedata,11,control.bmp,5,999.7791,2971.6289,1366.8521,333.6721,350.3979,1,0,0.98776,0,0,333.6721,0.21608,0.33854
TV45_Face1.gazedata,12,fearful.bmp,5,1011.4641,2986.5879,1995.0571,-1,-1,0.70833,491.1221,1,0,1,-1,-1,1
TV45_Face1.gazedata,13,neutral.bmp,4,999.884,2978.6951,1983.334,-1,-1,1,0,1,0,0,1000,1,1
TV45_Face1.gazedata,14,happy.bmp,4,992.4299,2966.75,1976.0349,-1,-1,1,0,1,0,0,1000,1,1
TV45_Face1.gazedata,15,happy.bmp,4,999.9561,2962.1958,1983.458,-1,-1,1,0,1,0,0,1000,1,1
TV45_Face2.gazedata,0,neutral.bmp,5,1001.7439,2966.292,2001.2429,-1,-1,1,0,1,0,0,1000,1,1
TV45_Face2.gazedata,1,happy.bmp,4,999.7781,2974.656,1984.1641,-1,-1,0.84167,198.8069,1,0,0,1000,1,1
TV45_Face2.gazedata,2,control.bmp,4,999.5378,2976.4241,1982.949,-1,-1,1,0,1,0,0,1000,1,1
TV45_Face2.gazedata,3,neutral.bmp,5,1000.155,2979.511,1983.5278,-1,-1,1,0,1,0,0,1000,1,1
TV45_Face2.gazedata,4,fearful.bmp,5,1000.0681,2966.2251,1999.5471,-1,-1,1,0,1,0,0,1000,1,1
TV45_Face2.gazedata,5,control.bmp,5,999.7742,2975.4338,1983.104,-1,-1,1,0,1,0,0,1000,1,0.99151
TV45_Face2.gazedata,6,happy.bmp,5,1000.0378,2985.469,1999.9819,-1,-1,1,0,1,0,0,1000,1,0.88326
TV45_Face2.gazedata,7,control.bmp,4,1001.22,2967.2029,2001.189,-1,-1,1,0,1,0,0,1000,1,1
TV45_Face2.gazedata,8,fearful.bmp,4,999.6829,2962.959,1983.564,-1,-1,0.78333,348.636,1,0,1,-1,-1,0.91206
TV45_Face2.gazedata,9,happy.bmp,5,999.8359,2966.5242,1999.822,-1,-1,1,0,1,0,0,1000,1,1
TV45_Face2.gazedata,10,happy.bmp,4,1000.395,2961.353,1335.731,301.062,317.5979,0.7,333.2742,0.98762,0,1,-1,-1,0.43201
TV45_Face2.gazedata,11,neutral.bmp,4,1000.3711,2983.511,1983.864,-1,-1,1,0,1,0,0,1000,1,1
TV45_Face2.gazedata,12,control.bmp,5,1011.5688,2970.427,2011.0999,-1,-1,0.44715,1026.7869,1,0,1,-1,-1,1
TV45_Face2.gazedata,13,fearful.bmp,5,1000.8062,2984.1931,1984.323,-1,-1,0.77049,400.0891,1,0,1,-1,-1,1
TV45_Face2.gazedata,14,fearful.bmp,4,1001.2988,2958.9031,1987.259,-1,-1,0.15833,885.9602,0.72322,0,1,-1,-1,0.86167
TV45_Face2.gazedata,15,neutral.bmp,4,1003.7119,2946.1841,1769.927,732.8762,749.5461,1,0,0.99058,0,0,732.8762,0.68574,0.86559
TV46_Face1.gazedata,0,fearful.bmp,5,994.7151,2984.126,1986.7119,-1,-1,0.21528,940.9639,0.44327,0,1,-1,-1,0.61633
TV46_Face1.gazedata,1,happy.bmp,4,1000.001,2966.583,1999.8921,-1,-1,1,0,1,0,0,1000,1,1
TV46_Face1.gazedata,2,control.bmp,5,999.6702,2966.7891,1283.196,250.241,266.8621,1,0,0.98705,0,0,250.241,0.11793,0.8576
TV46_Face1.gazedata,3,fearful.bmp,4,1000.989,2983.2139,2000.949,-1,-1,0,2000.949,0,0,1,-1,-1,0
TV46_Face1.gazedata,4,happy.bmp,5,999.731,2986.4658,1800.1909,767.145,783.814,0.93578,49.999,0.99074,0,0,767.145,0.72605,0.59546
TV46_Face1.gazedata,5,control.bmp,4,999.7661,2966.1372,1433.1621,400.0591,416.7231,1,0,0.98837,0,0,400.0591,0.29419,0.35567
TV46_Face1.gazedata,6,fearful.bmp,4,1002.2542,2999.8611,2002.1321,-1,-1,1,0,1,0,0,1000,1,1
TV46_Face1.gazedata,7,happy.bmp,5,1000.0928,2966.5481,2000.053,-1,-1,0.07438,1866.8271,1,0,1,-1,-1,1
TV46_Face1.gazedata,8,neutral.bmp,4,1000.0381,2970.4812,2000.0291,-1,-1,1,0,1,0,0,1000,1,0.62281
TV46_Face1.gazedata,9,happy.bmp,4,998.168,2965.646,1990.001,-1,-1,0,1990.001,1,0,1,-1,-1,0.67665
TV46_Face1.gazedata,10,control.bmp,5,987.4331,2999.8801,1987.3931,-1,-1,0,1987.3931,0,0,1,-1,-1,0
TV46_Face1.gazedata,11,control.bmp,4,999.865,2985.3,1997.5181,-1,-1,0,1997.5181,0,0,1,-1,-1,0
TV46_Face1.gazedata,12,fearful.bmp,5,1000.085,2966.6699,2000.0229,-1,-1,1,0,1,0,0,1000,1,1
TV46_Face1.gazedata,13,neutral.bmp,4,999.9509,2986.9751,1983.3049,-1,-1,0.96667,66.655,1,0,0,1000,1,1
TV46_Face1.gazedata,14,neutral.bmp,5,999.9561,2987.437,1983.4851,-1,-1,1,0,1,0,0,1000,1,1
TV46_Face1.gazedata,15,neutral.bmp,5,999.907,2965.9961,1999.9041,-1,-1,0.94215,16.708,0.86667,0,0,1000,1,0.7616
TV46_Face2.gazedata,0,happy.bmp,5,992.8818,2969.4099,1980.449,-1,-1,0.35897,840.5959,0.56713,0,1,-1,-1,0.66741
TV46_Face2.gazedata,1,control.bmp,4,1000.0371,2983.5488,1216.697,183.365,200.0139,1,0,0.98632,0,0,183.365,0.039253,0.76883
TV46_Face2.gazedata,2,neutral.bmp,4,1004.22,2966.8469,2004.04,-1,-1,0.8595,203.2251,0.8997,0,1,-1,-1,0.87431
TV46_Face2.gazedata,3,fearful.bmp,4,1000.439,2966.7332,2000.4199,-1,-1,1,0,1,0,0,1000,1,1
TV46_Face2.gazedata,4,fearful.bmp,4,1000.2229,2966.6118,2000.0481,-1,-1,1,0,1,0,0,1000,1,1
TV46_Face2.gazedata,5,neutral.bmp,4,999.844,2983.8491,1983.196,-1,-1,0.96667,16.6741,1,0,0,1000,1,1
TV46_Face2.gazedata,6,neutral.bmp,5,1000.2961,2960.323,1250.2771,216.6499,233.314,1,0,0.98667,0,0,216.6499,0.078412,0.87853
TV46_Face2.gazedata,7,fearful.bmp,5,994.053,2983.376,1977.3718,-1,-1,0.5641,810.0388,1,0,1,-1,-1,1
TV46_Face2.gazedata,8,fearful.bmp,5,999.9829,2966.6328,1999.876,-1,-1,1,0,1,0,0,1000,1,1
TV46_Face2.gazedata,9,control.bmp,4,1000.0068,2988.7671,1984.9399,-1,-1,0.53448,968.2561,1,0,1,-1,-1,1
TV46_Face2.gazedata,10,happy.bmp,4,1000.874,2966.9419,1984.365,-1,-1,0.91736,83.436,1,0,0,1000,1,0.69042
TV46_Face2.gazedata,11,control.bmp,5,1002.356,2981.0791,2000.6499,-1,-1,0,2000.6499,0,0,1,-1,-1,0
TV46_Face2.gazedata,12,happy.bmp,4,985.1111,2967.8821,1318.5461,300.1001,316.77,1,0,0.98736,0,0,300.1001,0.17659,0.92441
TV46_Face2.gazedata,13,neutral.bmp,5,983.3159,2953.0959,1983.2539,-1,-1,1,0,1,0,0,1000,1,1
TV46_Face2.gazedata,14,happy.bmp,5,999.9199,2980.9561,1999.876,-1,-1,0.99174,16.665,0.85004,0,0,1000,1,0.9
TV46_Face2.gazedata,15,control.bmp,5,1001.0139,2666.5601,2000.9739,-1,-1,0,2000.9739,0,0,1,-1,-1,0
TV04_Face1.gazedata,0,neutral.bmp,4,999.967,2983.5291,1383,349.7529,366.408,1,0,0.98796,0,0,349.7529,0.235,0.89591
TV04_Face1.gazedata,1,happy.bmp,4,999.9651,2971.9541,1466.741,433.4551,450.116,1,0,0.98864,0,0,433.4551,0.33348,0.81578
TV04_Face1.gazedata,2,fearful.bmp,5,999.9622,2966.918,1400.104,366.751,383.4229,0.98824,15.749,0.98809,0,0,366.751,0.255,0.54806
TV04_Face1.gazedata,3,happy.bmp,5,999.9092,2967.5461,1533.3,500.052,516.7161,1,0,0.98913,0,0,500.052,0.41183,0.70297
TV04_Face1.gazedata,4,neutral.bmp,5,1000.0051,2953.1819,2000.002,-1,-1,0.96694,49.981,1,0,0,1000,1,0.64649
TV04_Face1.gazedata,5,control.bmp,4,1000.2791,2967.429,1283.334,249.854,266.512,1,0,0.98702,0,0,249.854,0.11748,0.4312
TV04_Face1.gazedata,6,control.bmp,5,1000.3,2989.9519,1400.2471,366.616,383.2759,1,0,0.9881,0,0,366.616,0.25484,0.3453
TV04_Face1.gazedata,7,happy.bmp,4,1000.05,2983.3811,1400.0811,366.689,383.3572,1,0,0.98809,0,0,366.689,0.25493,0.8917
TV04_Face1.gazedata,8,fearful.bmp,5,1000.105,2967.145,1433.3281,399.8901,416.5571,1,0,0.98837,0,0,399.8901,0.29399,0.88271
TV04_Face1.gazedata,9,control.bmp,5,1000.2439,2966.187,1999.989,-1,-1,1,0,1,0,0,1000,1,0.83274
TV04_Face1.gazedata,10,neutral.bmp,5,1000.053,2967.1331,1783.6392,750.167,766.915,1,0,0.99061,0,0,750.167,0.70608,0.7238
TV04_Face1.gazedata,11,fearful.bmp,4,999.9099,2966.7349,1983.2798,-1,-1,1,0,1,0,0,1000,1,1
TV04_Face1.gazedata,12,control.bmp,4,999.968,2983.012,1300.084,266.7869,283.4529,1,0,0.98718,0,0,266.7869,0.1374,0.49177
TV04_Face1.gazedata,13,fearful.bmp,4,986.032,2982.9351,1403.0051,383.6531,400.3152,0.98824,0,0.98812,0,0,383.6531,0.27489,0.88724
TV04_Face1.gazedata,14,happy.bmp,5,999.991,2952.814,1633.324,600.0039,616.6619,1,0,0.9898,0,0,600.0039,0.52942,0.79413
TV04_Face1.gazedata,15,neutral.bmp,4,999.8481,2966.343,1983.2971,-1,-1,1,0,1,0,0,1000,1,0.82019
TV04_Face2.gazedata,0,fearful.bmp,4,999.9329,2966.4351,1983.3489,-1,-1,0.98333,16.6831,0.83194,0,0,1000,1,0.91631
TV04_Face2.gazedata,1,neutral.bmp,5,1000.041,2966.4189,1449.8989,416.5588,433.2349,1,0,0.9885,0,0,416.5588,0.3136,0.88283
TV04_Face2.gazedata,2,control.bmp,5,992.0928,2989.7632,1341.9878,316.572,333.27,0.85714,23.613,0.57653,0,1,-1,-1,0.56187
TV04_Face2.gazedata,3,happy.bmp,5,1000.03,2982.9622,1366.593,333.22,349.8831,1,0,0.98781,0,0,333.22,0.21555,0.89166
TV04_Face2.gazedata,4,neutral.bmp,4,997.21,2972.781,1986.1738,-1,-1,0.325,1258.0229,1,0,1,-1,-1,1
TV04_Face2.gazedata,5,happy.bmp,4,993.179,2965.8621,1393.1819,366.6731,383.332,0.59036,156.6809,0.98804,0,0,366.6731,0.25491,0.84076
TV04_Face2.gazedata,6,neutral.bmp,5,1000.1128,2982.0881,1583.615,550.1382,566.7961,0.92708,99.9851,0.98948,0,0,550.1382,0.47075,0.57683
TV04_Face2.gazedata,7,fearful.bmp,5,996.9849,2982.0542,1989.575,-1,-1,0.07377,658.554,0.48377,0,1,-1,-1,0.33351
TV04_Face2.gazedata,8,control.bmp,5,986.77,2977.563,1972.8718,-1,-1,0.042735,1816.8621,0,0,1,-1,-1,0.44582
TV04_Face2.gazedata,9,control.bmp,4,1006.1399,2975.677,1990.054,-1,-1,0,1990.054,0,0,1,-1,-1,0.079171
TV04_Face2.gazedata,10,happy.bmp,5,997.3901,2961.6958,1397.925,366.3528,383.8508,0.40964,449.8882,0.98748,1,1,-1,-1,0.91517
TV04_Face2.gazedata,11,neutral.bmp,4,999.9419,2990.866,1983.3589,-1,-1,0.91667,149.9961,0.88243,0,0,1000,1,0.94181
TV04_Face2.gazedata,12,fearful.bmp,5,999.4419,2969.281,1382.804,350.0251,366.696,1,0,0.98794,0,0,350.0251,0.23532,0.89533
TV04_Face2.gazedata,13,happy.bmp,4,999.365,2967.7151,1316.0281,283.3359,299.998,1,0,0.98734,0,0,283.3359,0.15687,0.32617
TV04_Face2.gazedata,14,control.bmp,4,988.7729,2983.333,1255.5081,233.4609,250.124,0.5,382.4341,0.98673,0,1,-1,-1,0.40253
TV04_Face2.gazedata,15,fearful.bmp,4,1000.751,2967.1919,1384.1821,350.094,366.7581,0.90476,66.593,0.98796,0,0,350.094,0.2354,0.89546
TV50_Face1.gazedata,0,fearful.bmp,4,1000.1069,2982.3728,1349.8708,316.4238,333.0908,1,0,0.98765,0,0,316.4238,0.19579,0.9253
TV50_Face1.gazedata,1,neutral.bmp,4,1000.0129,2962.5081,1983.45,-1,-1,0.93333,133.301,1,0,0,1000,1,1
TV50_Face1.gazedata,2,happy.bmp,5,999.9219,2984.106,1383.1938,349.99,366.6099,1,0,0.98798,0,0,349.99,0.23528,0.71653
TV50_Face1.gazedata,3,neutral.bmp,5,1000.0039,2966.572,1400.0959,366.77,383.438,0.98824,16.6619,0.9881,0,0,366.77,0.25502,0.88704
TV50_Face1.gazedata,4,happy.bmp,4,1004.0828,2983.5181,1996.1919,-1,-1,0.29661,1354.0688,0.975,0,1,-1,-1,0.48605
TV50_Face1.gazedata,5,fearful.bmp,5,1001.9929,2983.4089,1435.4409,400.124,416.7959,1,0,0.98839,0,0,400.124,0.29426,0.9125
TV50_Face1.gazedata,6,neutral.bmp,5,1000.1321,2983.521,1999.7761,-1,-1,0.97521,33.3411,1,0,0,1000,1,1
TV50_Face1.gazedata,7,control.bmp,4,999.9629,2982.717,1383.2581,349.936,366.6401,0.97619,16.6689,0.98792,0,0,349.936,0.23522,0.46678
TV50_Face1.gazedata,8,fearful.bmp,5,987.6279,2991.156,1978.1311,-1,-1,0,1978.1311,0,0,1,-1,-1,0
TV50_Face1.gazedata,9,control.bmp,5,1002.8491,2974.938,2002.2781,-1,-1,0.47934,916.092,0.53416,0,1,-1,-1,0.26775
TV50_Face1.gazedata,10,fearful.bmp,4,999.96,2989.1299,1999.9199,-1,-1,0,1999.9199,1,0,1,-1,-1,1
TV50_Face1.gazedata,11,control.bmp,4,1000.1428,2961.9341,2000.103,-1,-1,0,2000.103,0,0,1,-1,-1,0
TV50_Face1.gazedata,12,happy.bmp,4,988.4409,2987.3879,1987.6079,-1,-1,0.033613,1867.054,0.05171,0,1,-1,-1,0.46485
TV50_Face1.gazedata,13,control.bmp,5,1005.092,2961.5491,1296.897,258.51,275.176,0.73077,333.7229,0.98715,0,1,-1,-1,0.33814
TV50_Face1.gazedata,14,neutral.bmp,4,996.665,2952.9519,1982.814,-1,-1,0,1982.814,1,0,1,-1,-1,1
TV50_Face1.gazedata,15,happy.bmp,5,999.9631,2984.186,1349.9541,316.6602,333.3252,1,0,0.98766,0,0,316.6602,0.19607,0.90821
TV50_Face2.gazedata,0,neutral.bmp,5,1001.562,2983.8271,1985.4639,-1,-1,0.64167,282.6592,1,0,1,-1,-1,1
TV50_Face2.gazedata,1,happy.bmp,4,1000.2119,2983.8999,2000.082,-1,-1,0.90909,166.6611,1,0,0,1000,1,1
TV50_Face2.gazedata,2,happy.bmp,5,1000.2329,2970.512,1466.99,433.4399,450.092,0.57303,182.176,0.98865,1,1,-1,-1,0.73983
TV50_Face2.gazedata,3,control.bmp,4,1003.0039,2968.594,1886.791,850.417,867.1221,0.64035,568.5391,0.86739,0,1,-1,-1,0.41035
TV50_Face2.gazedata,4,happy.bmp,5,991.0029,2989.062,1990.928,-1,-1,0.74167,406.884,1,0,1,-1,-1,1
TV50_Face2.gazedata,5,happy.bmp,4,999.0488,2981.0249,1989.0779,-1,-1,0.43333,316.603,1,0,1,-1,-1,1
TV50_Face2.gazedata,6,neutral.bmp,5,986.001,2983.876,1982.0859,-1,-1,0.0083333,1543.459,1,0,1,-1,-1,0.62388
TV50_Face2.gazedata,7,fearful.bmp,5,1002.0549,2967.741,1986.542,-1,-1,0,1986.542,0,0,1,-1,-1,0
TV50_Face2.gazedata,8,control.bmp,5,987.5071,2970.259,1974.512,-1,-1,0,1974.512,0,0,1,-1,-1,0
TV50_Face2.gazedata,9,fearful.bmp,4,1000.7761,2957.6282,1985.7861,-1,-1,0.34483,1201.657,0.37811,0,1,-1,-1,0.231
TV50_Face2.gazedata,10,neutral.bmp,4,999.96,2981.2439,1983.8318,-1,-1,0,1983.8318,0,0,1,-1,-1,0
TV50_Face2.gazedata,11,control.bmp,5,1000.104,2976.9331,1991.917,-1,-1,0,1991.917,0,0,1,-1,-1,0
TV50_Face2.gazedata,12,neutral.bmp,4,1002.5369,2970.1809,1986.54,-1,-1,0.33607,533.8918,0.94993,0,1,-1,-1,0.97506
TV50_Face2.gazedata,13,control.bmp,4,1000.522,2988.7888,1990.145,-1,-1,0.073171,967.178,1,0,1,-1,-1,1
TV50_Face2.gazedata,14,fearful.bmp,4,1004.1411,2984.0771,1988.6111,-1,-1,0.65,216.7019,1,0,1,-1,-1,1
TV50_Face2.gazedata,15,fearful.bmp,5,1000.0239,2940.6299,1999.895,-1,-1,0.97521,16.6938,1,0,0,1000,1,0.69491
TV52_Face1.gazedata,0,fearful.bmp,5,999.532,2966.656,1999.345,-1,-1,1,0,0.84189,0,0,1000,1,0.74488
TV52_Face1.gazedata,1,fearful.bmp,5,1000.0449,2966.8872,1349.9758,316.6382,333.259,1,0,0.98769,0,0,316.6382,0.19604,0.7154
TV52_Face1.gazedata,2,control.bmp,4,999.9209,2966.1621,1249.9131,216.6611,233.3262,1,0,0.98667,0,0,216.6611,0.078425,0.30965
TV52_Face1.gazedata,3,control.bmp,5,1000.4629,2979.9832,1466.9609,433.147,449.821,1,0,0.98863,0,0,433.147,0.33311,0.36283
TV52_Face1.gazedata,4,control.bmp,4,1000.2932,2971.2771,1983.6392,-1,-1,1,0,0.59671,0,1,-1,-1,0.48066
TV52_Face1.gazedata,5,happy.bmp,4,1000.8821,2966.8672,1484.1501,449.978,466.6492,1,0,0.77528,0,0,449.978,0.35292,0.6402
TV52_Face1.gazedata,6,happy.bmp,4,983.4302,2966.6179,1450.157,433.3398,450.0598,1,0,0.98847,0,0,433.3398,0.33334,0.81936
TV52_Face1.gazedata,7,happy.bmp,5,983.2161,2950.6321,1399.929,366.7209,383.3879,1,0,0.98809,0,0,366.7209,0.25497,0.89903
TV52_Face1.gazedata,8,fearful.bmp,4,999.8198,2966.5908,1999.7119,-1,-1,1,0,1,0,0,1000,1,1
TV52_Face1.gazedata,9,fearful.bmp,4,1000.0911,2965.7791,1983.468,-1,-1,1,0,1,0,0,1000,1,1
TV52_Face1.gazedata,10,control.bmp,5,1000.439,2984.666,1433.7461,400.0071,416.6282,1,0,0.98841,0,0,400.0071,0.29413,0.80418
TV52_Face1.gazedata,11,happy.bmp,5,1002.6289,2960.5449,1986.3831,-1,-1,0.67213,233.2871,1,0,1,-1,-1,1
TV52_Face1.gazedata,12,neutral.bmp,4,999.96,2985.2021,1997.897,-1,-1,0.24167,1149.9541,1,0,1,-1,-1,0.67415
TV52_Face1.gazedata,13,neutral.bmp,4,983.5239,2983.937,1366.8369,333.2759,349.96,1,0,0.98779,0,0,333.2759,0.21562,0.78338
TV52_Face1.gazedata,14,neutral.bmp,5,1000.0671,2964.2041,1516.9531,483.5352,500.2151,1,0,0.989,0,0,483.5352,0.39239,0.37686
TV52_Face1.gazedata,15,neutral.bmp,5,999.959,2725.8682,1992.5608,-1,-1,0.55,909.282,0.5353,0,1,-1,-1,0.285
TV52_Face2.gazedata,0,fearful.bmp,5,993.2998,2976.5139,1976.7378,-1,-1,0.98347,16.666,0.83954,0,0,1000,1,0.61523
TV52_Face2.gazedata,1,neutral.bmp,4,986.458,2967.501,1542.635,522.3699,539.0369,0.95745,33.3181,0.9892,0,0,522.3699,0.43808,0.38846
TV52_Face2.gazedata,2,control.bmp,4,999.855,2983.374,1349.968,316.6611,333.332,1,0,0.98765,0,0,316.6611,0.19607,0.46688
TV52_Face2.gazedata,3,fearful.bmp,4,1004.8689,2983.2141,2004.8291,-1,-1,0,2004.8291,0,0,1,-1,-1,0
TV52_Face2.gazedata,4,neutral.bmp,5,987.1731,2976.1921,1438.3682,417.467,434.1292,0.93103,99.9929,0.98842,0,0,417.467,0.31467,0.89952
TV52_Face2.gazedata,5,neutral.bmp,5,1001.2351,2984.3828,2001.1951,-1,-1,0.19008,1634.584,1,0,1,-1,-1,1
TV52_Face2.gazedata,6,happy.bmp,4,999.96,2983.2139,1999.9199,-1,-1,0,1999.9199,0,0,1,-1,-1,0
TV52_Face2.gazedata,7,fearful.bmp,5,1001.501,2966.4922,2001.384,-1,-1,0.78862,251.6541,1,0,1,-1,-1,1
TV52_Face2.gazedata,8,happy.bmp,5,999.9451,2965.9961,1988.1821,-1,-1,0.24167,1521.467,1,0,1,-1,-1,1
TV52_Face2.gazedata,9,control.bmp,5,1000.0469,2983.4189,1999.896,-1,-1,1,0,1,0,0,1000,1,1
TV52_Face2.gazedata,10,control.bmp,5,999.8181,2966.9609,1983.335,-1,-1,1,0,1,0,0,1000,1,1
TV52_Face2.gazedata,11,fearful.bmp,4,995.7239,2975.1531,1987.623,-1,-1,0,1987.623,0,0,1,-1,-1,0
TV52_Face2.gazedata,12,happy.bmp,4,994.2751,2979.99,1994.1401,-1,-1,0.925,128.675,1,0,0,1000,1,0.9321
TV52_Face2.gazedata,13,happy.bmp,5,985.916,2978.74,1972.533,-1,-1,0.78151,436.783,1,0,1,-1,-1,1
TV52_Face2.gazedata,14,neutral.bmp,4,997.78,2976.9929,1985.3098,-1,-1,0.18852,1485.2168,0.2435,0,1,-1,-1,0.12107
TV52_Face2.gazedata,15,control.bmp,4,999.9709,2966.844,1450.0388,416.7361,433.3899,1,0,0.98851,0,0,416.7361,0.31381,0.35983
TV54_Face1.gazedata,0,happy.bmp,5,1000.061,2982.9771,1416.5291,383.1292,399.8032,1,0,0.98823,0,0,383.1292,0.27427,0.72076
TV54_Face1.gazedata,1,control.bmp,4,1001.832,2982.7239,1351.707,316.5459,333.21,0.76829,248.8401,0.98767,0,1,-1,-1,0.61691
TV54_Face1.gazedata,2,fearful.bmp,4,1000.0481,2983.302,1399.9451,366.5671,383.2351,1,0,0.98809,0,0,366.5671,0.25478,0.78746
TV54_Face1.gazedata,3,happy.bmp,5,1004.51,2967.0859,1387.7312,349.8999,366.561,0.72619,317.957,0.98799,0,1,-1,-1,0.7199
TV54_Face1.gazedata,4,fearful.bmp,5,999.8809,2983.3201,1999.7769,-1,-1,0.95041,16.7559,0.49167,0,1,-1,-1,0.49578
TV54_Face1.gazedata,5,control.bmp,5,999.9739,2982.6118,1316.6919,283.3279,300.0388,1,0,0.98731,0,0,283.3279,0.15686,0.53341
TV54_Face1.gazedata,6,control.bmp,5,999.926,2967.0039,1999.9229,-1,-1,0.78512,33.325,0.24992,0,1,-1,-1,0.37228
TV54_Face1.gazedata,7,neutral.bmp,4,997.4602,2989.01,1314.114,283.3291,299.9839,0.4,662.9292,0.98733,0,1,-1,-1,0.90029
TV54_Face1.gazedata,8,happy.bmp,4,999.9321,2966.3381,1533.1331,499.8669,516.5281,0.97849,16.6631,0.60882,0,1,-1,-1,0.61935
TV54_Face1.gazedata,9,happy.bmp,4,1000.1169,2966.458,1766.8059,733.3521,750.0239,0.93458,16.666,0.3774,0,1,-1,-1,0.59415
TV54_Face1.gazedata,10,neutral.bmp,5,1000.0361,2979.3262,1283.4612,250.094,266.7532,0.98718,16.6689,0.98702,0,0,250.094,0.11776,0.83701
TV54_Face1.gazedata,11,fearful.bmp,4,999.938,2963.8179,1999.8711,-1,-1,0.95041,16.6831,0.38338,0,1,-1,-1,0.19262
TV54_Face1.gazedata,12,neutral.bmp,5,991.4851,2977.512,1991.4451,-1,-1,0.058333,1891.4319,0.033482,0,1,-1,-1,0.016729
TV54_Face1.gazedata,13,neutral.bmp,4,1000.02,2982.9761,1316.6062,283.259,299.9231,1,0,0.98734,0,0,283.259,0.15678,0.88347
TV54_Face1.gazedata,14,control.bmp,4,1009.093,2976.554,1330.2852,286.1509,303.749,0.4557,249.2209,0.98677,1,1,-1,-1,0.75265
TV54_Face1.gazedata,15,fearful.bmp,5,1004.823,2966.729,1321.7651,283.625,300.283,0.61728,282.447,0.9874,0,1,-1,-1,0.76177
TV54_Face2.gazedata,0,control.bmp,4,999.7161,2966.781,1349.9932,316.9939,333.614,1,0,0.98769,0,0,316.9939,0.19646,0.85357
TV54_Face2.gazedata,1,control.bmp,5,999.9412,2985.8298,1318.4092,285.1428,301.814,0.725,299.5129,0.74754,0,1,-1,-1,0.57106
TV54_Face2.gazedata,2,control.bmp,4,1010.9292,2962.0869,2007.9011,-1,-1,0.23967,1223.6941,1,0,1,-1,-1,0.79961
TV54_Face2.gazedata,3,neutral.bmp,5,1000.2729,2967.0088,1400.2239,366.6008,383.2798,0.90588,66.4902,0.98809,0,0,366.6008,0.25482,0.8493
TV54_Face2.gazedata,4,fearful.bmp,4,1000.043,2973.29,1983.437,-1,-1,1,0,1,0,0,1000,1,0.99126
TV54_Face2.gazedata,5,fearful.bmp,4,983.8691,2980.6128,1974.415,-1,-1,0.21368,363.5168,1,0,1,-1,-1,1
TV54_Face2.gazedata,6,control.bmp,5,1000.072,2991.707,1299.998,266.636,283.3091,1,0,0.98717,0,0,266.636,0.13722,0.49918
TV54_Face2.gazedata,7,fearful.bmp,5,1007.2312,2984.366,2005.4192,-1,-1,0,2005.4192,0,0,1,-1,-1,0
TV54_Face2.gazedata,8,neutral.bmp,5,1000.0662,2979.1091,1316.7031,283.293,299.9531,1,0,0.98735,0,0,283.293,0.15682,0.755
TV54_Face2.gazedata,9,happy.bmp,4,1005.0908,2967.1331,1992.7769,-1,-1,0.33613,804.3708,1,0,1,-1,-1,1
TV54_Face2.gazedata,10,happy.bmp,4,995.3711,2996.311,1993.7881,-1,-1,0.46667,271.9509,1,0,1,-1,-1,0.90868
TV54_Face2.gazedata,11,happy.bmp,5,999.9771,2973.854,1866.564,833.251,849.9199,1,0,0.99107,0,0,833.251,0.80382,0.85365
TV54_Face2.gazedata,12,fearful.bmp,5,996.0759,2972.2249,1345.98,316.5798,333.239,1,0,0.98762,0,0,316.5798,0.19598,0.62302
TV54_Face2.gazedata,13,happy.bmp,5,993.8081,2976.2532,1327.1382,300.009,316.6682,0.525,538.573,0.98745,0,1,-1,-1,0.37887
TV54_Face2.gazedata,14,neutral.bmp,4,1004.136,2962.2371,1990.8708,-1,-1,0.59167,820.0298,0.57135,0,1,-1,-1,0.37721
TV54_Face2.gazedata,15,neutral.bmp,4,994.759,2666.5598,1994.719,-1,-1,0.0084746,1749.0181,0,0,1,-1,-1,0
TV56_Face1.gazedata,0,control.bmp,4,1000.073,2966.6792,1300.051,266.6411,283.3081,1,0,0.98718,0,0,266.6411,0.13722,0.63195
TV56_Face1.gazedata,1,control.bmp,5,1000.1328,2966.752,1316.603,283.3071,299.9731,1,0,0.98734,0,0,283.3071,0.15683,0.72381
TV56_Face1.gazedata,2,fearful.bmp,4,1000.04,2982.5259,1400.105,366.679,383.343,1,0,0.9881,0,0,366.679,0.25492,0.90432
TV56_Face1.gazedata,3,fearful.bmp,4,1000.156,2966.6079,1349.9868,316.5879,333.2878,1,0,0.98763,0,0,316.5879,0.19599,0.89961
TV56_Face1.gazedata,4,fearful.bmp,5,999.998,2967.25,1483.384,450.0469,466.7209,0.98889,16.6741,0.98876,0,0,450.0469,0.353,0.79485
TV56_Face1.gazedata,5,control.bmp,4,1005.5811,2970.6951,1994.2432,-1,-1,0.19658,1626.2471,0.016714,0,1,-1,-1,0.008345
TV56_Face1.gazedata,6,happy.bmp,5,993.5842,2983.3198,1277.031,250.106,266.7788,1,0,0.98694,0,0,250.106,0.11777,0.84977
TV56_Face1.gazedata,7,control.bmp,5,1000.178,2975.1182,1916.1121,882.6021,899.2661,1,0,0.76548,0,0,882.6021,0.86188,0.7119
TV56_Face1.gazedata,8,happy.bmp,5,999.9148,2983.8811,1983.2749,-1,-1,1,0,0.89915,0,0,1000,1,0.83738
TV56_Face1.gazedata,9,fearful.bmp,5,999.9309,2984.4041,1333.3149,300.0459,316.718,1,0,0.9875,0,0,300.0459,0.17652,0.64593
TV56_Face1.gazedata,10,neutral.bmp,4,1000.0669,2968.564,1283.4258,250.0239,266.6858,1,0,0.98702,0,0,250.0239,0.11768,0.42242
TV56_Face1.gazedata,11,happy.bmp,4,1000.061,2965.854,1366.677,333.2791,349.949,1,0,0.9878,0,0,333.2791,0.21562,0.73655
TV56_Face1.gazedata,12,neutral.bmp,5,1000.041,2983.2791,1299.7971,266.4189,283.084,1,0,0.98718,0,0,266.4189,0.13696,0.77915
TV56_Face1.gazedata,13,neutral.bmp,4,1000.1121,2975.9648,1300.02,266.6858,283.2419,1,0,0.98726,0,0,266.6858,0.13728,0.42166
TV56_Face1.gazedata,14,neutral.bmp,5,999.864,2989.835,1483.3291,450.1331,466.7981,1,0,0.98877,0,0,450.1331,0.3531,0.36608
TV56_Face1.gazedata,15,happy.bmp,4,999.98,2968.1111,1999.9609,-1,-1,0.4876,199.0962,0.11709,0,1,-1,-1,0.38479
TV56_Face2.gazedata,0,control.bmp,5,1001.5139,2993.3459,2001.3069,-1,-1,0.58824,649.2749,0,0,1,-1,-1,0
TV56_Face2.gazedata,1,control.bmp,5,999.9109,2967.1301,1299.9028,266.6541,283.312,1,0,0.98719,0,0,266.6541,0.13724,0.63588
TV56_Face2.gazedata,2,happy.bmp,4,991.551,2967.1011,1341.78,316.8921,333.5671,0.79012,233.2012,0.69923,0,1,-1,-1,0.75595
TV56_Face2.gazedata,3,fearful.bmp,4,999.9302,2983.3721,1983.386,-1,-1,1,0,1,0,0,1000,1,0.90415
TV56_Face2.gazedata,4,fearful.bmp,4,1000.416,2986.3411,1367.032,333.2791,349.946,1,0,0.98781,0,0,333.2791,0.21562,0.74998
TV56_Face2.gazedata,5,control.bmp,4,1000.0188,2975.679,1400.033,366.731,383.3459,1,0,0.98813,0,0,366.731,0.25498,0.43002
TV56_Face2.gazedata,6,fearful.bmp,5,1001.865,2983.2991,1463.512,428.3081,444.981,0.11702,1208.1909,0.98861,0,1,-1,-1,0.89589
TV56_Face2.gazedata,7,control.bmp,4,983.821,2953.113,1970.7371,-1,-1,0.91525,150.21,0.70212,0,0,1000,1,0.85215
TV56_Face2.gazedata,8,happy.bmp,5,999.9768,2980.365,1999.9368,-1,-1,0,1999.9368,0,0,1,-1,-1,0
TV56_Face2.gazedata,9,neutral.bmp,5,992.6731,2969.054,1977.3691,-1,-1,0.19167,1269.3191,0.19405,0,1,-1,-1,0.59942
TV56_Face2.gazedata,10,fearful.bmp,5,990.6179,2966.5481,1990.5779,-1,-1,0,1990.5779,0,0,1,-1,-1,0
TV56_Face2.gazedata,11,neutral.bmp,4,1000.0571,2963.2151,1300.0771,266.7122,283.3501,1,0,0.9872,0,0,266.7122,0.13731,0.32248
TV56_Face2.gazedata,12,neutral.bmp,5,1001.575,2973.531,1996.8149,-1,-1,0.51667,821.885,1,0,1,-1,-1,0.83824
TV56_Face2.gazedata,13,happy.bmp,4,999.8501,2983.0552,1383.322,350.145,366.8091,1,0,0.98795,0,0,350.145,0.23546,0.92096
TV56_Face2.gazedata,14,neutral.bmp,4,1000.313,2964.939,1300.293,266.7109,283.387,1,0,0.98718,0,0,266.7109,0.13731,0.59864
TV56_Face2.gazedata,15,happy.bmp,5,995.8772,2966.71,1979.251,-1,-1,0.90756,107.0662,1,0,0,1000,1,1
TV57_Face1.gazedata,0,control.bmp,4,1006.4299,2966.511,1406.395,366.5969,383.2981,0.70588,338.7668,0.98812,0,1,-1,-1,0.74937
TV57_Face1.gazedata,1,fearful.bmp,4,999.95,2966.7371,1450.002,416.7161,433.3811,1,0,0.98851,0,0,416.7161,0.31378,0.87025
TV57_Face1.gazedata,2,fearful.bmp,5,999.9971,2955.5452,1266.74,233.3801,250.043,1,0,0.98685,0,0,233.3801,0.098094,0.74269
TV57_Face1.gazedata,3,neutral.bmp,5,1010.9131,2983.9819,1277.6062,233.3599,250.0281,0.55263,300.0588,0.98695,0,1,-1,-1,0.68823
TV57_Face1.gazedata,4,neutral.bmp,4,985.855,2952.667,1307.0862,269.6479,287.8992,0.5641,453.822,0.98604,1,1,-1,-1,0.5091
TV57_Face1.gazedata,5,happy.bmp,5,1001.4729,2983.4001,2001.439,-1,-1,0.84426,216.604,1,0,1,-1,-1,1
TV57_Face1.gazedata,6,happy.bmp,4,999.8601,2966.2791,1399.999,366.8489,383.4739,1,0,0.98812,0,0,366.8489,0.25512,0.83275
TV57_Face1.gazedata,7,fearful.bmp,5,1000.1169,2974.085,1999.9109,-1,-1,1,0,1,0,0,1000,1,0.75527
TV57_Face1.gazedata,8,happy.bmp,5,999.9229,2987.7212,1999.8918,-1,-1,1,0,1,0,0,1000,1,0.71252
TV57_Face1.gazedata,9,control.bmp,5,999.9871,2975.27,1383.363,350.063,366.717,1,0,0.98796,0,0,350.063,0.23537,0.58035
TV57_Face1.gazedata,10,control.bmp,5,1002.012,2992.751,1285.344,249.9871,266.655,0.6962,216.658,0.98703,0,1,-1,-1,0.60084
TV57_Face1.gazedata,11,fearful.bmp,4,999.915,2979.064,1983.323,-1,-1,1,0,1,0,0,1000,1,0.54225
TV57_Face1.gazedata,12,neutral.bmp,5,999.844,2979.853,1999.824,-1,-1,1,0,0.99166,0,0,1000,1,0.75593
TV57_Face1.gazedata,13,neutral.bmp,4,1000.0859,2971.9219,1266.752,233.314,249.9539,1,0,0.98686,0,0,233.314,0.098016,0.6071
TV57_Face1.gazedata,14,control.bmp,4,1000.1799,2973.3811,1266.791,233.2742,249.9431,1,0,0.98684,0,0,233.2742,0.09797,0.3133
TV57_Face1.gazedata,15,happy.bmp,4,1000.0959,2966.6331,1300.165,266.7241,283.3931,1,0,0.98718,0,0,266.7241,0.13732,0.83274
TV57_Face2.gazedata,0,neutral.bmp,4,1000.095,2984.3579,1300.106,266.6699,283.3489,1,0,0.98717,0,0,266.6699,0.13726,0.76234
TV57_Face2.gazedata,1,happy.bmp,5,1000.021,2966.0171,1383.3711,350.019,366.6831,1,0,0.98795,0,0,350.019,0.23532,0.75328
TV57_Face2.gazedata,2,happy.bmp,4,1006.4541,2991.175,1356.4521,316.6809,333.332,0.69136,348.0452,0.98772,0,1,-1,-1,0.7946
TV57_Face2.gazedata,3,fearful.bmp,4,1000.009,2950.6892,1999.97,-1,-1,0.94167,16.6721,0.81668,0,0,1000,1,0.72951
TV57_Face2.gazedata,4,control.bmp,4,1011.916,2956.5681,1261.9451,216.6941,233.363,0.89474,53.2341,0.98679,0,0,216.6941,0.078464,0.68373
TV57_Face2.gazedata,5,control.bmp,5,999.9131,2999.2629,1266.541,233.293,249.9629,1,0,0.98684,0,0,233.293,0.097992,0.43959
TV57_Face2.gazedata,6,neutral.bmp,5,1000.0349,2982.739,1996.5969,-1,-1,0.55,863.2419,0.96661,0,1,-1,-1,0.98333
TV57_Face2.gazedata,7,fearful.bmp,4,1000.124,2982.1628,1283.3621,249.897,266.562,1,0,0.98701,0,0,249.897,0.11753,0.45418
TV57_Face2.gazedata,8,neutral.bmp,4,1000.0391,2990.5439,1283.2539,249.8821,266.542,1,0,0.98702,0,0,249.8821,0.11751,0.31608
TV57_Face2.gazedata,9,neutral.bmp,5,1000.0078,2973.4751,1299.9509,266.6179,283.2791,0.89873,16.719,0.65384,0,1,-1,-1,0.30492
TV57_Face2.gazedata,10,control.bmp,4,1000.0081,2963.6211,1266.7048,233.355,250.0229,1,0,0.98684,0,0,233.355,0.098065,0.46485
TV57_Face2.gazedata,11,fearful.bmp,5,993.686,2980.0398,1990.4351,-1,-1,0.47059,340.5259,0,0,1,-1,-1,0
TV57_Face2.gazedata,12,happy.bmp,4,1000.0708,2984.2749,1983.5259,-1,-1,0.96667,66.6851,0.93278,0,0,1000,1,0.48421
TV57_Face2.gazedata,13,happy.bmp,5,1000.0369,2973.5759,1983.043,-1,-1,0.83333,333.2859,0.82353,0,1,-1,-1,0.40929
TV57_Face2.gazedata,14,fearful.bmp,5,1000.0542,2992.0479,2016.563,983.1838,999.8418,1,0,0.99174,0,0,983.1838,0.98022,0.49888
TV57_Face2.gazedata,15,control.bmp,5,1000.019,2948.1411,1483.27,449.9202,466.585,1,0,0.98876,0,0,449.9202,0.35285,0.74404
TV58_Face1.gazedata,0,neutral.bmp,5,1000.064,2966.6709,1766.615,733.2229,749.8879,1,0,0.99057,0,0,733.2229,0.68614,0.59412
TV58_Face1.gazedata,1,control.bmp,5,1000.092,2982.771,1366.9111,333.48,350.1541,1,0,0.9878,0,0,333.48,0.21586,0.75432
TV58_Face1.gazedata,2,happy.bmp,4,1000.0042,2983.364,1983.4189,-1,-1,1,0,1,0,0,1000,1,0.89591
TV58_Face1.gazedata,3,happy.bmp,4,999.8521,2983.543,1516.4089,483.23,499.895,1,0,0.98901,0,0,483.23,0.39204,0.88331
TV58_Face1.gazedata,4,fearful.bmp,4,1000.2649,2962.467,1416.9661,383.3662,400.0332,1,0,0.98824,0,0,383.3662,0.27455,0.55296
TV58_Face1.gazedata,5,control.bmp,5,1000.019,2967.1021,1416.7761,383.4241,400.0901,1,0,0.98824,0,0,383.4241,0.27462,0.60665
TV58_Face1.gazedata,6,neutral.bmp,5,1000.0242,2966.6479,1999.9841,-1,-1,1,0,1,0,0,1000,1,1
TV58_Face1.gazedata,7,fearful.bmp,5,983.2932,2983.5051,1983.2651,-1,-1,1,0,1,0,0,1000,1,0.72085
TV58_Face1.gazedata,8,fearful.bmp,4,999.8291,2966.269,1316.6062,283.2791,300.1101,1,0,0.98722,0,0,283.2791,0.1568,0.75737
TV58_Face1.gazedata,9,neutral.bmp,4,1000.062,2983.459,1500.0349,466.6719,483.3269,1,0,0.9889,0,0,466.6719,0.37256,0.54169
TV58_Face1.gazedata,10,fearful.bmp,5,1000.0139,2983.873,1983.396,-1,-1,1,0,1,0,0,1000,1,0.73324
TV58_Face1.gazedata,11,control.bmp,4,1002.761,2982.7822,1302.7429,266.6301,283.301,1,0,0.9872,0,0,266.6301,0.13721,0.70035
TV58_Face1.gazedata,12,happy.bmp,5,999.9038,2966.6011,1999.8528,-1,-1,1,0,1,0,0,1000,1,1
TV58_Face1.gazedata,13,control.bmp,4,1000.26,2969.24,1333.623,300.04,316.7031,1,0,0.98751,0,0,300.04,0.17652,0.33038
TV58_Face1.gazedata,14,happy.bmp,5,1000.269,2961.5679,1450.1182,416.6069,433.272,1,0,0.98851,0,0,416.6069,0.31366,0.56172
TV58_Face1.gazedata,15,neutral.bmp,4,1000.144,2949.47,1533.467,499.9761,516.657,1,0,0.98912,0,0,499.9761,0.41174,0.88249
TV58_Face2.gazedata,0,neutral.bmp,4,1000.061,2983.2241,1633.4761,600.0801,616.7471,1,0,0.9898,0,0,600.0801,0.52951,0.8917
TV58_Face2.gazedata,1,control.bmp,4,999.949,2966.532,1299.8999,266.6069,283.2878,1,0,0.98717,0,0,266.6069,0.13718,0.68619
TV58_Face2.gazedata,2,neutral.bmp,5,983.5359,2967.0708,1550.1011,533.2759,549.896,1,0,0.98928,0,0,533.2759,0.45091,0.81501
TV58_Face2.gazedata,3,happy.bmp,5,999.9961,2966.5872,1983.4741,-1,-1,1,0,1,0,0,1000,1,1
TV58_Face2.gazedata,4,neutral.bmp,5,1000.2041,2983.22,2000.1411,-1,-1,1,0,1,0,0,1000,1,1
TV58_Face2.gazedata,5,control.bmp,4,1000.199,2982.812,1283.4639,249.98,266.647,1,0,0.98701,0,0,249.98,0.11762,0.55841
TV58_Face2.gazedata,6,fearful.bmp,5,999.988,2983.3892,1999.9761,-1,-1,1,0,1,0,0,1000,1,0.95834
TV58_Face2.gazedata,7,fearful.bmp,5,1000.145,2983.3909,1999.6509,-1,-1,0.87603,249.4829,0.85859,0,1,-1,-1,0.4292
TV58_Face2.gazedata,8,fearful.bmp,4,998.1851,2954.3071,1515.0591,483.469,500.1482,0.57143,608.5369,0.98899,0,1,-1,-1,0.85692
TV58_Face2.gazedata,9,control.bmp,5,1005.0581,2982.4722,2001.094,-1,-1,0.078261,828.99,1,0,1,-1,-1,1
TV58_Face2.gazedata,10,happy.bmp,5,999.97,2985.5562,1649.8411,616.542,633.2051,1,0,0.9899,0,0,616.542,0.54887,0.62465
TV58_Face2.gazedata,11,fearful.bmp,4,1008.019,2982.4331,1574.71,533.356,550.0229,1,0,0.98942,0,0,533.356,0.45101,0.47324
TV58_Face2.gazedata,12,control.bmp,5,1002.5151,2981.6011,1992.9102,-1,-1,0.026087,1959.5361,1,0,1,-1,-1,1
TV58_Face2.gazedata,13,neutral.bmp,4,1000.4001,2991.7681,1992.2822,-1,-1,0.38333,1242.2451,1,0,1,-1,-1,1
TV58_Face2.gazedata,14,happy.bmp,4,1000.2649,2969.5142,1984.135,-1,-1,0.81667,350.6191,0.8065,0,1,-1,-1,0.41033
TV58_Face2.gazedata,15,happy.bmp,4,1000.165,2966.564,2000.0239,-1,-1,1,0,1,0,0,1000,1,0.96652
TV05_Face1.gazedata,0,neutral.bmp,4,996.968,2983.2878,1996.905,-1,-1,0.99167,0,1,0,0,1000,1,1
TV05_Face1.gazedata,1,control.bmp,5,1000.301,2966.52,1999.936,-1,-1,1,0,1,0,0,1000,1,0.8243
TV05_Face1.gazedata,2,neutral.bmp,4,1000.1372,2963.9189,1349.968,316.4919,333.1509,1,0,0.98766,0,0,316.4919,0.19587,0.33494
TV05_Face1.gazedata,3,control.bmp,5,1009.7751,2985.0681,1409.9641,366.8691,383.5281,0.72619,397.8779,0.98818,0,1,-1,-1,0.50522
TV05_Face1.gazedata,4,happy.bmp,5,999.5291,2960.822,1984.0481,-1,-1,0.033613,1900.7051,0.9832,0,1,-1,-1,0.99162
TV05_Face1.gazedata,5,happy.bmp,5,990.561,2992.7559,1981.1489,-1,-1,0.38739,219.0771,1,0,1,-1,-1,1
TV05_Face1.gazedata,6,fearful.bmp,4,1000.1699,2983.1938,1983.4749,-1,-1,1,0,1,0,0,1000,1,1
TV05_Face1.gazedata,7,happy.bmp,4,999.8931,2972.229,1988.7041,-1,-1,0.625,687.8811,1,0,1,-1,-1,1
TV05_Face1.gazedata,8,fearful.bmp,4,1000.2351,2983.4082,2000.228,-1,-1,1,0,1,0,0,1000,1,1
TV05_Face1.gazedata,9,fearful.bmp,5,999.938,2966.2549,1983.429,-1,-1,1,0,1,0,0,1000,1,1
TV05_Face1.gazedata,10,neutral.bmp,5,999.7729,2966.8411,1983.2429,-1,-1,1,0,1,0,0,1000,1,1
TV05_Face1.gazedata,11,control.bmp,4,1000.2,2979.4199,1333.4438,299.856,316.564,1,0,0.98747,0,0,299.856,0.1763,0.4963
TV05_Face1.gazedata,12,fearful.bmp,5,986.5911,2982.5381,1971.6531,-1,-1,0.38053,213.1111,1,0,1,-1,-1,1
TV05_Face1.gazedata,13,happy.bmp,4,1000.229,2973.21,1999.9019,-1,-1,0.43802,181.9031,1,0,0,1000,1,1
TV05_Face1.gazedata,14,neutral.bmp,5,1004.571,2983.637,2004.2439,-1,-1,0.74167,205.624,1,0,1,-1,-1,1
TV05_Face1.gazedata,15,control.bmp,4,999.8911,2945.8652,1383.396,350.1191,366.7881,1,0,0.98795,0,0,350.1191,0.23543,0.60712
TV05_Face2.gazedata,0,fearful.bmp,4,999.9109,2966.6199,1999.8909,-1,-1,0.95868,16.6821,1,0,0,1000,1,1
TV05_Face2.gazedata,1,neutral.bmp,4,999.9331,2966.7781,1983.2971,-1,-1,1,0,1,0,0,1000,1,1
TV05_Face2.gazedata,2,fearful.bmp,4,999.7568,2966.853,1983.145,-1,-1,0.91667,49.9751,1,0,0,1000,1,1
TV05_Face2.gazedata,3,control.bmp,5,999.7161,2983.5959,1316.6011,283.5552,300.2231,1,0,0.98734,0,0,283.5552,0.15712,0.82915
TV05_Face2.gazedata,4,control.bmp,5,988.491,2988.511,1985.491,-1,-1,0,1985.491,0,0,1,-1,-1,0
TV05_Face2.gazedata,5,fearful.bmp,5,995.4819,2995.3008,1991.594,-1,-1,0.20168,961.637,0.2117,0,1,-1,-1,0.60831
TV05_Face2.gazedata,6,neutral.bmp,5,1000.106,2966.614,2000.05,-1,-1,1,0,1,0,0,1000,1,1
TV05_Face2.gazedata,7,happy.bmp,5,1000.001,2983.7781,1983.4558,-1,-1,0.99167,16.679,1,0,0,1000,1,1
TV05_Face2.gazedata,8,happy.bmp,4,1006.7151,2988.2869,1990.636,-1,-1,0.91667,83.8301,0.94139,0,0,1000,1,0.97092
TV05_Face2.gazedata,9,happy.bmp,4,999.825,2966.7791,1983.1631,-1,-1,1,0,1,0,0,1000,1,1
TV05_Face2.gazedata,10,fearful.bmp,5,999.9749,2983.2571,1999.8369,-1,-1,1,0,1,0,0,1000,1,1
TV05_Face2.gazedata,11,neutral.bmp,5,995.824,2991.0879,1986.011,-1,-1,0.62185,453.8359,1,0,1,-1,-1,1
TV05_Face2.gazedata,12,control.bmp,4,1006.6182,2988.9661,2004.8372,-1,-1,0,2004.8372,0,0,1,-1,-1,0
TV05_Face2.gazedata,13,control.bmp,4,999.9512,2987.2031,1985.9331,-1,-1,0.70833,485.9961,0.62101,0,1,-1,-1,0.34569
TV05_Face2.gazedata,14,neutral.bmp,4,999.9958,2983.3,1999.99,-1,-1,1,0,1,0,0,1000,1,1
TV05_Face2.gazedata,15,happy.bmp,5,999.8511,2966.8721,1982.9351,-1,-1,0.90833,66.7051,1,0,0,1000,1,1
TV61_Face1.gazedata,0,neutral.bmp,4,1000.053,2982.7891,1483.3291,449.9541,466.6121,1,0,0.98877,0,0,449.9541,0.35289,0.65422
TV61_Face1.gazedata,1,control.bmp,4,999.7981,2966.803,1499.9241,466.7991,483.4661,1,0,0.98889,0,0,466.7991,0.3727,0.79496
TV61_Face1.gazedata,2,happy.bmp,4,1000.0491,2966.7629,1350.2402,316.8279,333.54,1,0,0.98762,0,0,316.8279,0.19627,0.73229
TV61_Face1.gazedata,3,neutral.bmp,5,999.99,2967.062,1483.3601,450.0371,466.7012,1,0,0.98877,0,0,450.0371,0.35298,0.83255
TV61_Face1.gazedata,4,fearful.bmp,5,1000.0811,2966.6499,1616.6401,583.228,599.895,1,0,0.98969,0,0,583.228,0.50968,0.81588
TV61_Face1.gazedata,5,fearful.bmp,4,983.3352,2966.2249,1466.5952,449.9248,466.594,1,0,0.98863,0,0,449.9248,0.35285,0.73958
TV61_Face1.gazedata,6,happy.bmp,5,983.448,2983.1201,1483.3269,466.5081,483.2161,1,0,0.98874,0,0,466.5081,0.37236,0.65273
TV61_Face1.gazedata,7,neutral.bmp,4,1000.29,2966.6609,1316.7878,283.179,299.8398,1,0,0.98735,0,0,283.179,0.15668,0.60669
TV61_Face1.gazedata,8,fearful.bmp,4,983.291,2966.751,1433.394,416.6741,433.4409,1,0,0.9883,0,0,416.6741,0.31373,0.78575
TV61_Face1.gazedata,9,neutral.bmp,5,983.145,2957.23,1449.7979,433.3291,449.989,1,0,0.98851,0,0,433.3291,0.33333,0.43803
TV61_Face1.gazedata,10,fearful.bmp,5,983.1838,2966.7119,1982.7419,-1,-1,0.97479,16.6709,0.48746,0,1,-1,-1,0.42678
TV61_Face1.gazedata,11,happy.bmp,4,999.9429,2960.4102,1316.7161,283.437,300.1091,1,0,0.98734,0,0,283.437,0.15698,0.32689
TV61_Face1.gazedata,12,control.bmp,4,983.3701,2966.553,1266.7141,250.012,266.6831,1,0,0.98684,0,0,250.012,0.11766,0.70588
TV61_Face1.gazedata,13,control.bmp,5,983.353,2961.146,1483.9009,466.676,483.8818,1,0,0.98841,0,0,466.676,0.37256,0.59803
TV61_Face1.gazedata,14,happy.bmp,5,1000.0149,2966.6191,1983.4341,-1,-1,1,0,1,0,0,1000,1,1
TV61_Face1.gazedata,15,control.bmp,5,1000.0691,2950.5159,1450.1101,416.7119,433.377,1,0,0.98851,0,0,416.7119,0.31378,0.77303
TV61_Face2.gazedata,0,happy.bmp,5,1000.0688,2966.613,1433.4568,399.998,416.719,1,0,0.98834,0,0,399.998,0.29412,0.90798
TV61_Face2.gazedata,1,fearful.bmp,4,983.189,2966.25,1416.6418,400.1602,416.7891,1,0,0.98826,0,0,400.1602,0.29431,0.66816
TV61_Face2.gazedata,2,neutral.bmp,5,983.0969,2966.9219,1966.605,-1,-1,1,0,1,0,0,1000,1,0.81932
TV61_Face2.gazedata,3,control.bmp,4,983.342,2966.7219,1400.0701,383.3879,400.0591,1,0,0.98809,0,0,383.3879,0.27457,0.75211
TV61_Face2.gazedata,4,happy.bmp,4,983.196,2966.7449,1966.7122,-1,-1,1,0,1,0,0,1000,1,0.87815
TV61_Face2.gazedata,5,neutral.bmp,5,983.314,2966.3169,1966.6528,-1,-1,0.9916,16.6602,0.74574,0,0,1000,1,0.53351
TV61_Face2.gazedata,6,fearful.bmp,5,983.3398,2958.261,1550.554,533.3489,550.562,1,0,0.9889,0,0,533.3489,0.451,0.41535
TV61_Face2.gazedata,7,neutral.bmp,4,978.9971,2958.3918,1445.6072,433.2729,449.9451,1,0,0.98847,0,0,433.2729,0.33326,0.37403
TV61_Face2.gazedata,8,control.bmp,5,969.8879,2974.707,1253.3472,249.9299,266.7981,0.96053,16.4109,0.98654,0,0,249.9299,0.11756,0.31214
TV61_Face2.gazedata,9,fearful.bmp,5,983.333,2966.7319,1966.7561,-1,-1,1,0,1,0,0,1000,1,1
TV61_Face2.gazedata,10,happy.bmp,5,983.073,2966.8091,1966.6008,-1,-1,1,0,1,0,0,1000,1,0.60083
TV61_Face2.gazedata,11,control.bmp,5,983.3591,2964.9102,1974.833,-1,-1,0.50847,669.7651,1,0,1,-1,-1,1
TV61_Face2.gazedata,12,fearful.bmp,4,996.5889,2966.4619,1821.2109,790.252,807.958,0.27027,682.219,0.99028,1,1,-1,-1,0.71141
TV61_Face2.gazedata,13,happy.bmp,4,975.2061,2968.8271,1964.2778,-1,-1,0.045455,810.4409,0.1752,0,1,-1,-1,0.1956
TV61_Face2.gazedata,14,neutral.bmp,4,989.262,2975.0801,1978.6858,954.2729,971.8479,0.11607,739.2449,0.9452,1,1,-1,-1,0.78563
TV61_Face2.gazedata,15,control.bmp,4,999.7729,2946.448,1999.1738,-1,-1,0.61207,410.9639,0.65098,0,1,-1,-1,0.47784
TV07_Face1.gazedata,0,neutral.bmp,4,999.762,2999.9968,1533.2349,500.1428,516.8069,1,0,0.98913,0,0,500.1428,0.41193,0.58917
TV07_Face1.gazedata,1,control.bmp,5,1000.1221,2967.262,1300.1289,266.6721,283.3369,1,0,0.98718,0,0,266.6721,0.13726,0.55226
TV07_Face1.gazedata,2,happy.bmp,4,999.9819,2982.885,1983.3398,-1,-1,1,0,1,0,0,1000,1,0.79994
TV07_Face1.gazedata,3,fearful.bmp,4,999.917,2966.7559,1566.6899,533.4048,550.0688,1,0,0.98936,0,0,533.4048,0.45106,0.84935
TV07_Face1.gazedata,4,happy.bmp,5,1000.135,2967.1631,1366.8149,333.3411,350.0061,1,0,0.98781,0,0,333.3411,0.2157,0.46022
TV07_Face1.gazedata,5,neutral.bmp,5,999.9631,2983.374,1449.9961,416.6851,433.3591,1,0,0.9885,0,0,416.6851,0.31375,0.47083
TV07_Face1.gazedata,6,control.bmp,5,1000.0029,2966.623,1399.9189,366.5791,383.2441,1,0,0.9881,0,0,366.5791,0.2548,0.56902
TV07_Face1.gazedata,7,control.bmp,4,1000.073,2966.0239,1566.7439,533.3398,550.0078,1,0,0.98936,0,0,533.3398,0.45099,0.88301
TV07_Face1.gazedata,8,fearful.bmp,4,999.9819,2967.248,1449.9929,416.6831,433.344,1,0,0.98851,0,0,416.6831,0.31374,0.62339
TV07_Face1.gazedata,9,happy.bmp,4,1000.0559,2984.5349,1983.4041,-1,-1,1,0,1,0,0,1000,1,0.93766
TV07_Face1.gazedata,10,fearful.bmp,5,1001.0291,2961.804,1301.364,266.082,283.668,0.5443,99.061,0.98649,1,1,-1,-1,0.54901
TV07_Face1.gazedata,11,neutral.bmp,5,999.886,2976.3579,1299.896,266.6938,283.343,1,0,0.98719,0,0,266.6938,0.13729,0.32138
TV07_Face1.gazedata,12,happy.bmp,5,1000.0601,2983.4722,1266.7639,233.3821,250.051,1,0,0.98684,0,0,233.3821,0.098097,0.31251
TV07_Face1.gazedata,13,neutral.bmp,4,1000.1389,2989.342,1300.0369,266.5679,283.2339,1,0,0.98718,0,0,266.5679,0.13714,0.33283
TV07_Face1.gazedata,14,fearful.bmp,5,1000.04,2970.3318,1733.3311,699.9658,716.6318,1,0,0.99038,0,0,699.9658,0.64702,0.56851
TV07_Face1.gazedata,15,control.bmp,4,1000.0029,2949.1812,1516.6179,483.283,499.949,1,0,0.98901,0,0,483.283,0.3921,0.6221
TV07_Face2.gazedata,0,fearful.bmp,5,1000.1799,2967.1912,1533.498,500.0061,516.6611,0.93548,17.0339,0.61947,0,1,-1,-1,0.74046
TV07_Face2.gazedata,1,fearful.bmp,4,999.8381,2984.238,1988.1021,-1,-1,0.66667,603.979,1,0,1,-1,-1,0.74753
TV07_Face2.gazedata,2,control.bmp,5,983.2729,2967.636,1316.5078,299.9421,316.5759,1,0,0.98737,0,0,299.9421,0.1764,0.74796
TV07_Face2.gazedata,3,happy.bmp,5,1000.1211,2967.4111,1533.2539,499.8162,516.467,0.96774,33.3489,0.98914,0,0,499.8162,0.41155,0.74489
TV07_Face2.gazedata,4,fearful.bmp,5,1000.072,2966.168,1700.1401,666.7341,683.4021,0.98058,16.6699,0.9902,0,0,666.7341,0.60792,0.73231
TV07_Face2.gazedata,5,happy.bmp,4,1002.1282,2987.9819,1457.1912,421.5598,438.24,0.17045,571.7979,0.98855,0,1,-1,-1,0.70887
TV07_Face2.gazedata,6,control.bmp,4,999.9241,2979.2471,1999.8381,-1,-1,1,0,1,0,0,1000,1,0.57971
TV07_Face2.gazedata,7,happy.bmp,5,999.9399,2983.0339,1768.5278,734.479,751.9419,0.71028,349.4189,0.99013,1,1,-1,-1,0.80687
TV07_Face2.gazedata,8,happy.bmp,4,999.968,2977.7239,1999.333,-1,-1,0.47107,1066.021,0.45848,0,1,-1,-1,0.38411
TV07_Face2.gazedata,9,neutral.bmp,4,999.96,2968.6689,1989.301,-1,-1,0,1989.301,0,0,1,-1,-1,0
TV07_Face2.gazedata,10,neutral.bmp,5,1000.189,2965.1909,1994.5339,-1,-1,0.44167,518.991,0.67812,0,1,-1,-1,0.33966
TV07_Face2.gazedata,11,neutral.bmp,4,999.9341,2982.9141,1950.2241,916.9839,933.605,1,0,0.99148,0,0,916.9839,0.90233,0.65853
TV07_Face2.gazedata,12,control.bmp,4,1000.0051,2967.1431,1416.4871,383.145,399.813,0.98837,16.657,0.98823,1,1,-1,-1,0.70705
TV07_Face2.gazedata,13,fearful.bmp,4,999.989,2966.405,1466.564,433.248,449.9141,1,0,0.98864,0,0,433.248,0.33323,0.77826
TV07_Face2.gazedata,14,neutral.bmp,5,999.9651,2952.613,1266.6301,233.3459,250.0081,1,0,0.98685,0,0,233.3459,0.098054,0.63413
TV07_Face2.gazedata,15,control.bmp,5,1001.3608,2916.7329,1401.189,366.499,383.167,0.92941,33.3291,0.9881,0,0,366.499,0.2547,0.59727
TV08_Face1.gazedata,0,neutral.bmp,5,1000.0891,2968.3911,1350.0491,299.9851,316.644,1,0,0.98766,0,0,299.9851,0.17645,0.4928
TV08_Face1.gazedata,1,control.bmp,5,999.717,2996.5029,1985.5352,-1,-1,0.0087719,1207.4751,0,0,1,-1,-1,0
TV08_Face1.gazedata,2,fearful.bmp,4,996.9629,2982.6821,1530.2278,499.9451,516.6079,0.71277,346.0029,0.98911,0,1,-1,-1,0.82913
TV08_Face1.gazedata,3,fearful.bmp,4,1000.2021,2954.959,2000.1489,-1,-1,0.96694,49.9839,0.95001,0,0,1000,1,0.47841
TV08_Face1.gazedata,4,happy.bmp,4,1000.0039,2956.1331,1383.408,350.072,366.729,1,0,0.98796,0,0,350.072,0.23538,0.34403
TV08_Face1.gazedata,5,happy.bmp,4,999.6111,2965.571,1995.541,-1,-1,0.5641,856.833,0.56188,0,1,-1,-1,0.28156
TV08_Face1.gazedata,6,neutral.bmp,5,1000.0449,2968.55,1999.8469,-1,-1,1,0,1,0,0,1000,1,1
TV08_Face1.gazedata,7,control.bmp,4,1000.085,2984.511,1366.7449,333.2659,349.9229,1,0,0.98781,0,0,333.2659,0.21561,0.7762
TV08_Face1.gazedata,8,neutral.bmp,4,999.821,2962.2419,1399.8892,366.7378,383.4089,1,0,0.98809,0,0,366.7378,0.25499,0.82824
TV08_Face1.gazedata,9,neutral.bmp,4,989.5032,2973.0298,1987.55,-1,-1,0,1987.55,0,0,1,-1,-1,0
TV08_Face1.gazedata,10,fearful.bmp,5,1003.666,2987.5232,1362.9841,326.1741,342.8381,0.097561,1055.7661,0.98777,0,1,-1,-1,0.7643
TV08_Face1.gazedata,11,happy.bmp,5,1000.1021,2967.738,1996.9651,-1,-1,0.47934,546.7581,1,0,1,-1,-1,0.89048
TV08_Face1.gazedata,12,control.bmp,4,1000.1831,2965.7549,1433.325,399.8569,416.5149,1,0,0.98838,0,0,399.8569,0.29395,0.35572
TV08_Face1.gazedata,13,control.bmp,5,999.865,2984.3799,1383.4021,350.1638,366.877,0.97619,16.6589,0.98792,0,0,350.1638,0.23549,0.34159
TV08_Face1.gazedata,14,happy.bmp,5,1001.272,2969.9341,2001.2319,-1,-1,0,2001.2319,0,0,1,-1,-1,0
TV08_Face1.gazedata,15,fearful.bmp,5,999.979,2754.3901,1733.261,699.8979,716.6121,1,0,0.99036,0,0,699.8979,0.64694,0.45519
TV08_Face2.gazedata,0,control.bmp,4,999.896,2976.0901,1633.8599,299.8879,617.302,0.82828,283.4109,0.80573,0,1,-1,-1,0.32972
TV08_Face2.gazedata,1,control.bmp,5,996.3589,2985.303,1979.7739,-1,-1,0.7395,299.865,1,0,1,-1,-1,1
TV08_Face2.gazedata,2,happy.bmp,4,999.96,2966.5479,1999.9199,-1,-1,0,1999.9199,0,0,1,-1,-1,0
TV08_Face2.gazedata,3,neutral.bmp,4,991.1199,2977.324,1983.188,-1,-1,0.18644,1329.5959,1,0,1,-1,-1,0.97073
TV08_Face2.gazedata,4,fearful.bmp,4,999.989,2984.5762,1399.9529,366.625,383.29,1,0,0.9881,0,0,366.625,0.25485,0.8627
TV08_Face2.gazedata,5,happy.bmp,5,988.2141,2983.324,1986.9712,-1,-1,0,1986.9712,0,0,1,-1,-1,0
TV08_Face2.gazedata,6,neutral.bmp,5,995.8,2987.929,1981.801,-1,-1,0,1981.801,0,0,1,-1,-1,0.11884
TV08_Face2.gazedata,7,fearful.bmp,4,995.947,2966.5479,1995.907,-1,-1,0,1995.907,0,0,1,-1,-1,0
TV08_Face2.gazedata,8,neutral.bmp,5,983.395,2965.031,1966.9111,-1,-1,0.88983,216.6951,1,0,1,-1,-1,1
TV08_Face2.gazedata,9,control.bmp,4,996.6821,2966.5479,1996.6421,-1,-1,0,1996.6421,0,0,1,-1,-1,0
TV08_Face2.gazedata,10,happy.bmp,4,1007.533,2985.4741,1457.6111,416.6912,433.4031,0.98864,16.0959,0.98853,0,0,416.6912,0.31375,0.7827
TV08_Face2.gazedata,11,happy.bmp,5,999.731,2966.1882,1999.3298,-1,-1,0.7686,466.1638,0.75851,0,1,-1,-1,0.38078
TV08_Face2.gazedata,12,fearful.bmp,5,985.1731,2966.5481,1985.1331,-1,-1,0.0084034,1985.1331,1,0,1,-1,-1,1
TV08_Face2.gazedata,13,neutral.bmp,4,999.875,2992.334,1999.145,-1,-1,0.22034,882.634,1,0,1,-1,-1,1
TV08_Face2.gazedata,14,control.bmp,5,999.96,2966.5481,1999.9202,-1,-1,0,1999.9202,0,0,1,-1,-1,0
TV08_Face2.gazedata,15,fearful.bmp,5,1009.76,2962.998,2009.7571,-1,-1,0.59504,789.699,1,0,1,-1,-1,1
TV44_Face1.gazedata,0,fearful.bmp,5,1000.127,2966.5342,2000.053,-1,-1,1,0,1,0,0,1000,1,1
TV44_Face1.gazedata,1,happy.bmp,5,999.926,2983.084,1983.2981,-1,-1,1,0,1,0,0,1000,1,1
TV44_Face1.gazedata,2,fearful.bmp,4,1000.0559,2966.647,1983.4409,-1,-1,1,0,1,0,0,1000,1,0.78239
TV44_Face1.gazedata,3,happy.bmp,4,999.8879,2966.2839,1983.25,-1,-1,1,0,1,0,0,1000,1,0.90394
TV44_Face1.gazedata,4,control.bmp,4,1000.22,2983.5,1283.4441,249.958,266.6072,1,0,0.98703,0,0,249.958,0.1176,0.45001
TV44_Face1.gazedata,5,control.bmp,5,1000.0042,2991.135,2000.0471,966.72,983.3711,1,0,0.54988,0,1,-1,-1,0.31332
TV44_Face1.gazedata,6,neutral.bmp,5,1010.553,2983.4229,1511.093,467.2229,483.8809,0.89011,105.3591,0.98898,0,0,467.2229,0.3732,0.69671
TV44_Face1.gazedata,7,fearful.bmp,5,1000.1011,2982.937,1999.9729,-1,-1,1,0,1,0,0,1000,1,0.99584
TV44_Face1.gazedata,8,neutral.bmp,4,999.9961,2983.229,1749.9561,716.6018,733.3059,1,0,0.99045,0,0,716.6018,0.66659,0.87501
TV44_Face1.gazedata,9,happy.bmp,4,999.9871,2966.5291,1999.9651,-1,-1,1,0,1,0,0,1000,1,1
TV44_Face1.gazedata,10,fearful.bmp,4,999.8069,2983.2749,1983.2458,-1,-1,1,0,1,0,0,1000,1,1
TV44_Face1.gazedata,11,neutral.bmp,4,999.9241,2983.479,1983.4861,-1,-1,1,0,1,0,0,1000,1,1
TV44_Face1.gazedata,12,control.bmp,4,1000.052,2938.6628,1988.8511,-1,-1,0.70833,520.0229,0.99161,0,1,-1,-1,0.68401
TV44_Face1.gazedata,13,neutral.bmp,5,1000.0281,2983.8369,1500.0569,466.7371,483.3589,1,0,0.98892,0,0,466.7371,0.37263,0.86655
TV44_Face1.gazedata,14,happy.bmp,5,999.9639,2966.824,1983.3149,-1,-1,1,0,1,0,0,1000,1,1
TV44_Face1.gazedata,15,control.bmp,5,999.9639,2883.583,1983.3799,-1,-1,1,0,0.81514,0,0,1000,1,0.41452
TV44_Face2.gazedata,0,fearful.bmp,5,999.824,2967.772,1383.189,350.042,366.7039,1,0,0.86745,0,0,350.042,0.23534,0.85762
TV44_Face2.gazedata,1,happy.bmp,5,1000.1689,2966.3408,1383.335,349.8379,366.5029,1,0,0.98795,0,0,349.8379,0.2351,0.89541
TV44_Face2.gazedata,2,neutral.bmp,4,983.269,2966.1279,1516.6492,483.386,500.051,1,0,0.98901,0,0,483.386,0.39222,0.88715
TV44_Face2.gazedata,3,control.bmp,4,1000.2661,2983.4722,1983.8511,-1,-1,1,0,0.66383,0,1,-1,-1,0.50833
TV44_Face2.gazedata,4,control.bmp,4,1000.2678,2983.4509,1995.6938,-1,-1,0.32231,1362.437,0.30897,0,1,-1,-1,0.32503
TV44_Face2.gazedata,5,fearful.bmp,5,1000.0449,2983.186,1999.98,-1,-1,1,0,1,0,0,1000,1,1
TV44_Face2.gazedata,6,control.bmp,5,999.969,2983.981,1983.4529,-1,-1,1,0,0.55459,0,1,-1,-1,0.27496
TV44_Face2.gazedata,7,control.bmp,5,1000.011,2988.136,1283.4612,251.376,268.0461,0.89744,116.656,0.42861,0,1,-1,-1,0.34976
TV44_Face2.gazedata,8,neutral.bmp,5,1000.1292,2983.5891,1633.4941,600.0239,616.6951,1,0,0.8469,0,0,600.0239,0.52944,0.82905
TV44_Face2.gazedata,9,happy.bmp,4,999.845,2983.3931,1983.4211,-1,-1,1,0,1,0,0,1000,1,1
TV44_Face2.gazedata,10,happy.bmp,5,983.4812,2966.4529,1983.3401,-1,-1,1,0,1,0,0,1000,1,1
TV44_Face2.gazedata,11,fearful.bmp,4,1000.082,2966.6799,1983.457,-1,-1,0.99167,16.667,1,0,0,1000,1,1
TV44_Face2.gazedata,12,neutral.bmp,5,1000.22,2983.3101,2000.071,-1,-1,1,0,1,0,0,1000,1,1
TV44_Face2.gazedata,13,neutral.bmp,4,1000.144,2982.6938,1600.05,566.574,583.24,1,0,0.98958,0,0,566.574,0.49009,0.83759
TV44_Face2.gazedata,14,fearful.bmp,4,1000.1499,2983.228,2000.115,-1,-1,1,0,1,0,0,1000,1,1
TV44_Face2.gazedata,15,happy.bmp,4,999.9919,2966.5349,1999.969,-1,-1,1,0,1,0,0,1000,1,1
TV06_Face1.gazedata,0,neutral.bmp,4,1000.1812,2983.2781,2000.0552,-1,-1,1,0,1,0,0,1000,1,1
TV06_Face1.gazedata,1,fearful.bmp,5,1000.0129,2966.7471,1416.936,383.5801,400.2542,1,0,0.98823,0,0,383.5801,0.2748,0.84942
TV06_Face1.gazedata,2,control.bmp,4,999.918,2965.948,1300.01,266.645,283.2991,1,0,0.98719,0,0,266.645,0.13723,0.61091
TV06_Face1.gazedata,3,happy.bmp,4,1000.062,2983.407,1983.4651,-1,-1,1,0,1,0,0,1000,1,1
TV06_Face1.gazedata,4,control.bmp,5,1000.022,2967.2979,1400.1511,366.8,383.4651,1,0,0.9881,0,0,366.8,0.25506,0.34726
TV06_Face1.gazedata,5,neutral.bmp,4,1000.031,2966.1812,1316.6729,283.3281,299.989,1,0,0.98735,0,0,283.3281,0.15686,0.60682
TV06_Face1.gazedata,6,control.bmp,5,999.8901,2966.6431,1999.8359,-1,-1,0.97521,16.6741,0.58332,0,1,-1,-1,0.29286
TV06_Face1.gazedata,7,fearful.bmp,5,999.832,2983.5591,1400.04,350.178,366.874,1,0,0.98807,0,0,350.178,0.2355,0.88382
TV06_Face1.gazedata,8,fearful.bmp,4,1000.0181,2966.676,1999.907,-1,-1,1,0,1,0,0,1000,1,1
TV06_Face1.gazedata,9,control.bmp,4,999.989,2966.6282,1983.467,-1,-1,0.925,16.7131,0.60508,0,1,-1,-1,0.43519
TV06_Face1.gazedata,10,neutral.bmp,5,1000.022,2966.5779,1316.6709,283.3159,299.981,1,0,0.98734,0,0,283.3159,0.15684,0.8703
TV06_Face1.gazedata,11,neutral.bmp,5,1000.1611,2966.7209,1500.073,466.582,483.249,1,0,0.98889,0,0,466.582,0.37245,0.87865
TV06_Face1.gazedata,12,happy.bmp,5,1000.0029,2983.3689,1999.9341,-1,-1,1,0,1,0,0,1000,1,1
TV06_Face1.gazedata,13,happy.bmp,4,1000.0481,2965.9729,1350.0422,316.6589,333.3281,1,0,0.98765,0,0,316.6589,0.19607,0.85787
TV06_Face1.gazedata,14,fearful.bmp,4,999.988,2966.74,1983.325,-1,-1,1,0,1,0,0,1000,1,1
TV06_Face1.gazedata,15,happy.bmp,5,999.8372,2950.5,1316.677,283.5059,300.1729,1,0,0.98734,0,0,283.5059,0.15707,0.89484
TV06_Face2.gazedata,0,control.bmp,5,1000.2312,2987.1179,1983.9321,-1,-1,0.93333,116.6631,0.57138,0,1,-1,-1,0.77098
TV06_Face2.gazedata,1,neutral.bmp,5,1009.969,2967.2449,1343.231,299.907,316.5989,1,0,0.98757,0,0,299.907,0.17636,0.87883
TV06_Face2.gazedata,2,control.bmp,5,1000.053,2987.063,1316.7,283.313,299.978,1,0,0.98734,0,0,283.313,0.15684,0.87097
TV06_Face2.gazedata,3,fearful.bmp,4,1009.6851,2983.2629,2009.6021,-1,-1,1,0,1,0,0,1000,1,1
TV06_Face2.gazedata,4,neutral.bmp,4,1000.0959,2966.6599,1350.031,316.7209,333.271,1,0,0.98774,0,0,316.7209,0.19614,0.33476
TV06_Face2.gazedata,5,happy.bmp,4,999.9302,2983.3909,1333.3071,300.0498,316.71,1,0,0.9875,0,0,300.0498,0.17653,0.90417
TV06_Face2.gazedata,6,happy.bmp,5,1000.0759,2983.895,1333.115,299.7571,316.376,1,0,0.98753,0,0,299.7571,0.17618,0.32907
TV06_Face2.gazedata,7,fearful.bmp,5,1005.0508,2978.0759,2004.646,-1,-1,0.55738,740.145,1,0,1,-1,-1,1
TV06_Face2.gazedata,8,happy.bmp,4,1000.0039,2966.4851,1316.6121,283.3362,299.9941,1,0,0.98735,0,0,283.3362,0.15687,0.32637
TV06_Face2.gazedata,9,happy.bmp,5,999.9548,2966.5671,1433.2419,399.897,416.5671,1,0,0.37209,0,1,-1,-1,0.71131
TV06_Face2.gazedata,10,fearful.bmp,5,1002.168,2986.8691,1985.511,-1,-1,1,0,1,0,0,1000,1,1
TV06_Face2.gazedata,11,neutral.bmp,4,1010.001,2963.75,1993.3481,-1,-1,1,0,1,0,0,1000,1,1
TV06_Face2.gazedata,12,control.bmp,4,1002.5891,2986.4639,1998.614,-1,-1,0.23276,874.061,0.42055,0,1,-1,-1,0.22438
TV06_Face2.gazedata,13,fearful.bmp,4,1000.104,2983.3162,1983.4539,-1,-1,1,0,1,0,0,1000,1,1
TV06_Face2.gazedata,14,control.bmp,4,999.9019,2966.6001,1983.2668,-1,-1,1,0,0.68065,0,1,-1,-1,0.3389
TV06_Face2.gazedata,15,neutral.bmp,5,1012.1501,2950.3591,1312.1541,266.676,283.343,0.75,236.3901,0.9873,0,1,-1,-1,0.89097
